image_id,center_id,patient_id,image_num,label,archivo_reducido,width,height,bytes,sha256
006388_0,11,006388,0,CE,datos/reducidas/1120/CE/idx_0000.png,1120,2002,1931503,5a8deb4c2da6b53bcb5983279df7ff9b8996feabd7bac39c853d10bbbfefbe0f
008e5c_0,11,008e5c,0,CE,datos/reducidas/1120/CE/idx_0001.png,1120,5593,4223754,62b6e021752a76cb3b5609e929c343b2ea116886cd38757d3b49f0d4a51bfdb2
00c058_0,11,00c058,0,LAA,datos/reducidas/1120/LAA/idx_0002.png,1120,4537,2182924,87f216fe5b2e0fd3a09da847c783f8ae9f18b5540ca1654c8300fd1c00d97886
01adc5_0,11,01adc5,0,LAA,datos/reducidas/1120/LAA/idx_0003.png,1120,2354,2315284,83d8d3f401d62e8e81901469940674f15975604e4100a24d6df715d92c82bf9b
026c97_0,4,026c97,0,CE,datos/reducidas/1120/CE/idx_0004.png,1120,1426,1277108,e251be1c65536c27fc15269cc16a8f3c446531e0595c3dd7eab415e44be096f4
028989_0,5,028989,0,LAA,datos/reducidas/1120/LAA/idx_0005.png,1120,2927,2507842,08553c0a5c8f47544581bc56983ebea41752be07204b5e44b36ab66468a0490c
029c68_0,5,029c68,0,CE,datos/reducidas/1120/CE/idx_0006.png,1120,1155,607556,d26bcd9264facfb1001f4e9510067f6a8ae8dee39b73db915cbbeb07a3acc41c
032f10_0,7,032f10,0,CE,datos/reducidas/1120/CE/idx_0007.png,1120,4863,2940623,e931b5c5324ae29ea15baa5c6abae86927f63d495383e0da90ee11d746aff426
0372b0_0,7,0372b0,0,CE,datos/reducidas/1120/CE/idx_0008.png,1120,5815,3015052,d922445e60986d1bf99d3017f9355da4635ba70c5560ad66adf7217d2f22f94d
037300_0,11,037300,0,CE,datos/reducidas/1120/CE/idx_0009.png,1120,2906,1390559,2738411d2fa14f4fd6f5f857592b38427212c365118a5419b0cd88d37ab61d47
03d1ec_0,11,03d1ec,0,LAA,datos/reducidas/1120/LAA/idx_0010.png,1120,1473,637623,303ec82cba7d714ad37fa67ced0305187d99a4dd76fe79f6f0630fc6943304bc
03e6b7_0,7,03e6b7,0,CE,datos/reducidas/1120/CE/idx_0011.png,1120,3071,1284630,b4fb36725fc3f0bc5c5a99faae0264ab75330d9a13796f66a59833b411a5973b
0415c3_0,1,0415c3,0,CE,datos/reducidas/1120/CE/idx_0012.png,1100,4300,1591794,347e64ea92ff0e3c9f45e02a54b6641d7a6c7826b2492ee260d98be3c8bec24c
04439c_0,11,04439c,0,CE,datos/reducidas/1120/CE/idx_0013.png,1120,2381,1039062,e8964474ff69f11e9c4bcd9c4d6a25699504e95521da2fe42d047ac4a4257d1b
045eb0_0,11,045eb0,0,CE,datos/reducidas/1120/CE/idx_0014.png,1120,2381,1129864,4422ecbd6b7d8d37057a881375d776cc4ce2f748ab9fc11ecbac481939058f81
0468a8_0,11,0468a8,0,CE,datos/reducidas/1120/CE/idx_0015.png,1120,2329,968841,3b3e1b506c8fd1ea49eba7038853349b60f43269d74d2425c4a6a68bb3606544
0468a8_1,11,0468a8,1,CE,datos/reducidas/1120/CE/idx_0016.png,1120,1288,971838,03a610739ddb74a7ef59f51218e4707a39771b6c073b8934560a15a5248e921e
049194_0,5,049194,0,CE,datos/reducidas/1120/CE/idx_0017.png,1120,1131,683986,d376899c7492958ba72e2a166d92ba29ed373f4ccb6ab63206651732f3671ecc
049194_1,5,049194,1,CE,datos/reducidas/1120/CE/idx_0018.png,1120,2464,736021,4c30337a08ce33d3a092786b61e26570285d80f97c4d54a9874073170ddfe2bb
04f7a4_0,11,04f7a4,0,CE,datos/reducidas/1120/CE/idx_0019.png,1120,2634,1320050,8553009f025b3db0d51158969730287bfa1f38af4de14106a4538ab14193ef93
055f6a_0,6,055f6a,0,LAA,datos/reducidas/1120/LAA/idx_0020.png,1120,2953,2104899,0d06d9b8864cff3f5cd55722f762d5f59598ab9f2438d3490fcf6667a6e5622a
05a1ec_0,11,05a1ec,0,CE,datos/reducidas/1120/CE/idx_0021.png,1120,1784,1305467,3506e250310b1c7ba5fab11a47d0ea8f20ade7f3e68b37e5313e7519cbea81b1
062387_0,6,062387,0,LAA,datos/reducidas/1120/LAA/idx_0022.png,1120,3642,3223186,2baacd5a16549ec346c4f02db10000eaf749dc57389198891888ae54f16199fc
070fe0_0,4,070fe0,0,CE,datos/reducidas/1120/CE/idx_0023.png,1120,1513,1764856,46563bab9c730a93c69cd5693b7029ef1c939fed7bfa86cc59bd581bcc45c655
08d3d8_0,4,08d3d8,0,LAA,datos/reducidas/1120/LAA/idx_0024.png,1120,1446,1241223,248d4076aef421203b61e9e6b07c4fbf3dae4aa204b38179121c4edced1c1b2e
09644e_0,10,09644e,0,CE,datos/reducidas/1120/CE/idx_0025.png,1120,3233,2306873,7257dd43166a834b1462b3ce5d0a6d59d7577f81b69acb0f8442c876398919b1
09644e_1,10,09644e,1,CE,datos/reducidas/1120/CE/idx_0026.png,1120,2491,1716472,97b2ce117eaab3bbf0562242db83b1c99345debec2a48e162495b54c6fbe5806
09644e_2,10,09644e,2,CE,datos/reducidas/1120/CE/idx_0027.png,1120,1822,1027644,930345cd3a0e987232eb8bfefc763761200006f67c0f65a868997caaa59d9388
09644e_3,10,09644e,3,CE,datos/reducidas/1120/CE/idx_0028.png,1120,2210,1057240,6549ec4119870a6fa4f6978fb769de3f9c9de8dba4cebfaa1c1978742040a6e3
09644e_4,10,09644e,4,CE,datos/reducidas/1120/CE/idx_0029.png,1120,3131,1607271,8266e89a38af5d58b8f12445b4816b0172f7d4975b42bc36fc75edb467640a07
098f15_0,4,098f15,0,LAA,datos/reducidas/1120/LAA/idx_0030.png,1120,1415,1288778,cd7b920adbe85eb32771e6dd8e65cc32c89a718d094d0f623a6a0f40360809f7
0a3ad1_0,7,0a3ad1,0,LAA,datos/reducidas/1120/LAA/idx_0031.png,1120,1714,871742,77830db0d80895e7101e748287c102c64b248dac669c06b4e9062001f7400ff6
0a47c9_0,1,0a47c9,0,LAA,datos/reducidas/1120/LAA/idx_0032.png,1120,1264,938881,75bc05be06eb335fcc831e293ff26894d91ef609de07cc71b8da8417422c6230
0aaeb3_0,6,0aaeb3,0,CE,datos/reducidas/1120/CE/idx_0033.png,1120,1052,237071,0c23ed3020e7d784802bd4ba3bb84a84ca254abb03fadfec9d953084b573a542
0aff58_0,10,0aff58,0,CE,datos/reducidas/1120/CE/idx_0034.png,1120,3595,1661982,934c2b4848ba5a84fe47d8b0aca5a0a4b94161f5d92e1f9d523247ced1632c85
0b25f8_0,6,0b25f8,0,CE,datos/reducidas/1120/CE/idx_0035.png,1120,2675,1290485,1f53877d174d2237e279e51b8864b71a5e5ea253a0a9d83b11df955324423e92
0b7871_0,4,0b7871,0,CE,datos/reducidas/1120/CE/idx_0036.png,1120,1170,1346819,4e6b7c33d6dacc965c527044df64fbec8ddae95f31a3528c40fa60f3097ac722
0b7871_1,4,0b7871,1,CE,datos/reducidas/1120/CE/idx_0037.png,1120,1467,1703976,ff407e300246783f0ea1d1d2f1c5cc6b98277dcc31a038d7c4917ba8eff6334c
0b7cc8_0,4,0b7cc8,0,CE,datos/reducidas/1120/CE/idx_0038.png,1120,1028,1354468,8007f054406f590517c043aee2791cef87528dbcbf7123d11b0969d39aab868d
0ba49d_0,11,0ba49d,0,CE,datos/reducidas/1120/CE/idx_0039.png,1120,3620,1611609,dfa39025dd997247286d4dab29a45a6ba443d87cbf1912f7d2c6dc785f8f54df
0bd414_0,3,0bd414,0,LAA,datos/reducidas/1120/LAA/idx_0040.png,1120,2675,1941965,c90f25d62d54380a023f00cc57894572d4f9917d630f6160d455c0308da3468f
0bddf9_0,11,0bddf9,0,CE,datos/reducidas/1120/CE/idx_0041.png,1120,3788,3350206,1335ff8e5ba59742e874575428c24ea112095866da7fbb417a151ac96cb82e41
0c60b8_0,1,0c60b8,0,CE,datos/reducidas/1120/CE/idx_0042.png,1120,1972,342279,7db1ff05d971febcc04b9cfe761cbee7e0f45a9b707bab2d647b74863e913f61
0cc0bc_0,4,0cc0bc,0,CE,datos/reducidas/1120/CE/idx_0043.png,1120,1519,1056746,d36b164c7485efbf341b1135a188f731d9842491cdb237f239c602e0acd87cae
0d4164_0,11,0d4164,0,CE,datos/reducidas/1120/CE/idx_0044.png,1120,1144,722654,a28c18925717508a90475d0b151d15feef95d220c4316828647b680b99a968b6
0d533f_0,2,0d533f,0,CE,datos/reducidas/1120/CE/idx_0045.png,1120,2244,1898138,bcae54b5658279085b2825d79f6466955c6a8d0adefcfb13cab5d8524de8ecee
0d718a_0,11,0d718a,0,CE,datos/reducidas/1120/CE/idx_0046.png,1120,4739,5465501,319c1ff09cd53a1884e7e70e3e14b2eaea09d6564134313c48af3e1f5459c535
0d93ce_0,11,0d93ce,0,CE,datos/reducidas/1120/CE/idx_0047.png,1120,2006,2354812,f8d04f7bb297cb2898aa75b002783ba2c9122db1a72c5ade67348e38a7409017
0df5f8_0,11,0df5f8,0,CE,datos/reducidas/1120/CE/idx_0048.png,1120,2155,736014,07e839c5f4e1d352ebeb5bd9c49c884d799155b56b62cf887c12a03de5ec5520
0e4dac_0,11,0e4dac,0,CE,datos/reducidas/1120/CE/idx_0049.png,1120,2142,2268243,8fdf01a30795ece09cf1e5aa8fbe4192cf0cc8b16c9dd59d500459be133a8788
0e696a_0,5,0e696a,0,CE,datos/reducidas/1120/CE/idx_0050.png,1120,2618,2006522,f853b1eab56c786266362842f9730cfa43e47a70da1203511210415f3c3669bc
0e696a_1,5,0e696a,1,CE,datos/reducidas/1120/CE/idx_0051.png,1120,1606,351335,805c685548d0e946b2f348106243ef0343561b5b3ade6090000238a1c1948ac1
0ed87f_0,2,0ed87f,0,CE,datos/reducidas/1120/CE/idx_0052.png,1120,3412,966789,eea19a928c35cdaf0b653da0f577ff2e0cd792078c6ab8f4460cbe8a31721ecf
0ed87f_1,2,0ed87f,1,CE,datos/reducidas/1120/CE/idx_0053.png,1120,2303,1084792,0aa4c116782ce3d496bd1ca5532a484a0420495c58932dc67948608ac3d497c6
0ee750_0,6,0ee750,0,LAA,datos/reducidas/1120/LAA/idx_0054.png,1120,2139,1073715,b5d497c9d3addc37c4b62c074958048c684995ff2be433fbe96b13326825d3d0
0ee750_1,6,0ee750,1,LAA,datos/reducidas/1120/LAA/idx_0055.png,1120,2191,649499,ac131bb402055b10bb1aa61b3a9a118b9e8c09eca4ab3b6420478d686cc1b7a1
0f2961_0,11,0f2961,0,LAA,datos/reducidas/1120/LAA/idx_0056.png,1120,3848,2009813,ee404cf9f57ad48572e89465ddb506a1d89137104942e788c68cde232a37379f
0fcfe9_0,6,0fcfe9,0,LAA,datos/reducidas/1120/LAA/idx_0057.png,1120,1040,503551,5c14d6bbf38b1275317704b5535ed40e0ce7d77ca09103b365aeccf156fc7257
0ff6fc_0,5,0ff6fc,0,CE,datos/reducidas/1120/CE/idx_0058.png,1120,2323,771932,c9bc1ecdfc3d4d065cecbd045832b637e83571a8627d914077bada72a0b9376f
0ff890_0,7,0ff890,0,CE,datos/reducidas/1120/CE/idx_0059.png,1120,4004,287457,c776108e35fd1810610cee4c82bc21a96239bab26e5296fc63a0505dcae3c6d7
112b6e_0,11,112b6e,0,CE,datos/reducidas/1120/CE/idx_0060.png,1120,1457,772744,c01493874f6057f5b1460dff6bf7dd95ef588c377e49a5de1690981be9996bd5
112b6e_1,11,112b6e,1,CE,datos/reducidas/1120/CE/idx_0061.png,1120,2116,1324999,64273601911e7dc90b84f80351693818e139f54173152d98947ea0e6208eb1c1
113bb3_0,8,113bb3,0,LAA,datos/reducidas/1120/LAA/idx_0062.png,1120,6289,481166,38a9667a6c89d75a9fc1ffa49b7f130b5424a3186ec75a498f092f0258a2c0f4
129102_0,4,129102,0,CE,datos/reducidas/1120/CE/idx_0063.png,1120,1959,1836291,26f899aeaa5f78e67f8d3d2e3c9b226689957c7ea7a76b76f4aadca79ba87e7b
1295bb_0,11,1295bb,0,CE,datos/reducidas/1120/CE/idx_0064.png,1120,3660,2296209,ee5ea4153c4297f4eedf5538eab24d9604d9406b3d6f9c9620b07d4f1f6a6518
12c8c9_0,9,12c8c9,0,CE,datos/reducidas/1120/CE/idx_0065.png,1120,1874,665030,11bc04f0efea2ca6e4425c416ba179e148ba19ea1c05a992e39e796d3e5b044c
13f372_0,11,13f372,0,CE,datos/reducidas/1120/CE/idx_0066.png,1120,2925,3280057,7f053053f1aea67ce53b481567af94e7e6136745714fc78d1f6df74fef25379e
140d1a_0,6,140d1a,0,CE,datos/reducidas/1120/CE/idx_0067.png,1120,8383,5186267,8ab6e2b487be9689b9cc8ad56981df8d85630a59864b06c3340af7c8b6c67496
14d2fa_0,11,14d2fa,0,CE,datos/reducidas/1120/CE/idx_0068.png,1120,2141,1383018,a2c914b92474a324da6f4b9313f03f05c0d33764c83e35c94c7e18771aa814e2
15aab4_0,4,15aab4,0,CE,datos/reducidas/1120/CE/idx_0069.png,1120,1608,1201456,cbf60b1787dc699559c860c2fbd93dd46a05aacbaf46326a8f2ea843fd1ab0f8
15de51_0,4,15de51,0,LAA,datos/reducidas/1120/LAA/idx_0070.png,1120,935,567955,97ef19050f0e04855dc2c626b8d94d7d55649f09c3dfd96aa618e8409ffba922
162cad_0,11,162cad,0,LAA,datos/reducidas/1120/LAA/idx_0071.png,1120,2601,638293,128e2b2db8b6d706dc75874ce94fcdda911d8a5898f76119eca4e9647d9b137c
1764ff_0,4,1764ff,0,CE,datos/reducidas/1120/CE/idx_0072.png,1120,1420,1697787,b200d7f6154f9888534117c5a080bb8462625576eea59042e26343e14ba835de
194e3f_0,11,194e3f,0,CE,datos/reducidas/1120/CE/idx_0073.png,1120,2819,1072046,028dd6cd8539a7dc694a44a51fafb3be920c6f286820bc87e9faad9064d52937
19b036_0,9,19b036,0,CE,datos/reducidas/1120/CE/idx_0074.png,1120,2238,2328210,3865e61ed9d9a8f2e6a9bb7ef7b9e0f02a89e3ba4463209a9e1833a028f3756e
19b036_1,9,19b036,1,CE,datos/reducidas/1120/CE/idx_0075.png,1120,3503,979941,a3a95eaa96f244a7e985eb3b480417f4af65108ed86f9fd26c5bd6abaddc2ac9
19dd95_0,6,19dd95,0,CE,datos/reducidas/1120/CE/idx_0076.png,1120,5350,3444433,11563e16581b17b5415cc34e373a1a0af246436e91bcf68ee9f29e24dd8d216f
1a2e9e_0,11,1a2e9e,0,CE,datos/reducidas/1120/CE/idx_0077.png,1120,1632,544578,ec2e31524637c9f85f57808ba11bc9b38ba67feb9aa96c9a56405364b80377e2
1b86c5_0,4,1b86c5,0,CE,datos/reducidas/1120/CE/idx_0078.png,1120,2816,1874184,65fed46722530f114ed3a198545b7ec84cb345fcbd58aaf1e52c5340cac8fbe7
1bbcba_0,10,1bbcba,0,CE,datos/reducidas/1120/CE/idx_0079.png,1120,3254,2575190,d5c6f491ce0e23ad969d6acc6d0a86be77a16e91dbf4a36d3c2a0d401dd1fc24
1d0518_0,4,1d0518,0,CE,datos/reducidas/1120/CE/idx_0080.png,1120,1217,731664,6d2634cfe52c79e8ca96b2c173bade7532a9ab116e515fa6492ff5789055575a
1d1bf0_0,11,1d1bf0,0,CE,datos/reducidas/1120/CE/idx_0081.png,1120,2172,1303214,80f666ba777d89fed204aad51d39d14b6b3b70912d591685a2b8bc92710e8f7b
1d5335_0,11,1d5335,0,CE,datos/reducidas/1120/CE/idx_0082.png,1120,2456,421395,a13c9e5950c0fa37d6af08be54a90426cc4c7b7b8a21c3f82bdbd314df0a5c65
1d6d4f_0,11,1d6d4f,0,CE,datos/reducidas/1120/CE/idx_0083.png,1120,2467,1482210,b7b8b7a38d32dd03d18e05a2d5481cca77f9e6db56d4bfb15b4b69841f862330
1db82d_0,4,1db82d,0,LAA,datos/reducidas/1120/LAA/idx_0084.png,1120,2231,1273632,9b6e8a422668bb1a51eb9e4929d05e98197fe05481d68ffd3e444169d587a69b
1db82d_1,4,1db82d,1,LAA,datos/reducidas/1120/LAA/idx_0085.png,1120,2684,1033275,09fb147fc4ccf496856dc5d6fb62a8e8f72e1ff5676421d5b11497b609413eae
1ec69e_0,6,1ec69e,0,CE,datos/reducidas/1120/CE/idx_0086.png,1120,2880,895846,e8560ee4ce4d169f849bd004e08e3161b8a98452af0fe2f05197f570ba524684
1ef6da_0,7,1ef6da,0,CE,datos/reducidas/1120/CE/idx_0087.png,1120,2512,1731695,da85336a0670a0007e8c6ff4bfb27da4ca7583895a9641f6d96d563ab653fa69
1f018f_0,9,1f018f,0,LAA,datos/reducidas/1120/LAA/idx_0088.png,1120,4317,1407047,67d0f84f50837d4c8a39b16e295c38aab37772de0342d8effee23ebcfb3a33d2
1f9d4f_0,10,1f9d4f,0,CE,datos/reducidas/1120/CE/idx_0089.png,1120,2862,1108634,39d91ea56b7a745e12efed4b503f775bc96a5f4c2c0a181127287cd17043e060
1f9d4f_1,10,1f9d4f,1,CE,datos/reducidas/1120/CE/idx_0090.png,1120,2562,1148328,35be9eeabf76d216eda97f6ae28893f8385abeecab83a967605510bf37e94afc
1fe0c4_0,1,1fe0c4,0,CE,datos/reducidas/1120/CE/idx_0091.png,1120,2504,1877327,31d34592b59ee9d80423c3978381c294792f4aa402220352487410ba33426285
1ffc5d_0,11,1ffc5d,0,LAA,datos/reducidas/1120/LAA/idx_0092.png,1120,3421,949799,6c7dc40b04f01a38c9dac6a728e77f7af98ea5e88161841faaea3ad6339e30c2
205025_0,11,205025,0,CE,datos/reducidas/1120/CE/idx_0093.png,1120,1821,1987204,fba75180a0bdbf275a3ba15609a8a5edaf094b7bf47a3d14874742f03e41c10b
20914b_0,11,20914b,0,CE,datos/reducidas/1120/CE/idx_0094.png,1120,1949,1578155,81650fba27cff8d9dc0d772a8e5e5cff8a8059c17d3122d4c5de40ce10e6904a
20d5cf_0,11,20d5cf,0,CE,datos/reducidas/1120/CE/idx_0095.png,1120,2532,952526,1beef6f490b7e7697f5c929a33cd1ba81ac5625b83d30915201aaa014359d84c
214cfa_0,7,214cfa,0,CE,datos/reducidas/1120/CE/idx_0096.png,1120,1988,1116978,42c6b6595dbec21f8fbad53b3da5c736c0a285d8a979328fca75654cab79ccab
214cfa_1,7,214cfa,1,CE,datos/reducidas/1120/CE/idx_0097.png,1120,4159,1690583,b0bd81e929579235864853ac1752a240cb89a164f9eedca7f66b535f0c513392
21726e_0,5,21726e,0,CE,datos/reducidas/1120/CE/idx_0098.png,1120,1599,833854,5634f858bfc550ec0db423a3d3544c6e3df04b656921c43e5114b74c36a648c4
217b27_0,11,217b27,0,CE,datos/reducidas/1120/CE/idx_0099.png,1120,4123,2272325,7c601d77b93f09e0b338f2167edb1c5499411c4012af7f9691c3b9bb6933f257
21b106_0,11,21b106,0,CE,datos/reducidas/1120/CE/idx_0100.png,1120,2582,751938,838e8215374ca5f23486e9f647ccb8286074ac3f3c4e5a51e68f0124a283d215
2244d2_0,11,2244d2,0,CE,datos/reducidas/1120/CE/idx_0101.png,1120,1768,2101535,7c7cabffac02ad1495a785005b3fa6589a0aa942d25fb1194d3ca22cc6f4eb36
2268cf_0,11,2268cf,0,CE,datos/reducidas/1120/CE/idx_0102.png,1120,3398,1101729,a63db3f94648178a029730035372276f057441b4b8b241af26356f6fe6a5d1bc
2394f6_0,11,2394f6,0,CE,datos/reducidas/1120/CE/idx_0103.png,1120,1078,469123,b159e5642cc21bf06b573c462740d1d5f371685e35ca2033bedfc59f354c35ab
23b492_0,7,23b492,0,LAA,datos/reducidas/1120/LAA/idx_0104.png,1120,5843,353741,b010621fe08e1c274712d57c7ea4478fcb817a545a98e223bdb64bc0cbc8bbf4
23d2c1_0,7,23d2c1,0,CE,datos/reducidas/1120/CE/idx_0105.png,1120,3184,2021734,535b6dc9762b0a6b25269bb78a62e75ed5ede282d89d3b6ae92109bd7d4be334
23d2c1_1,7,23d2c1,1,CE,datos/reducidas/1120/CE/idx_0106.png,1120,2700,878510,53d9adeed7739f0fba02d119d58aed391e1ce3fd6d673effaf0673db8d24452e
23d2c1_2,7,23d2c1,2,CE,datos/reducidas/1120/CE/idx_0107.png,1120,2758,2256858,5b99b24d6c839512e1192ea4e06073e9f075328251863b29e7ca4d9c31ecb943
2446b8_0,11,2446b8,0,CE,datos/reducidas/1120/CE/idx_0108.png,1120,1932,738195,dd8374d761af6ce0bd6706a0e016332f689052e69b2512f5a370f60e3abaf52b
244aeb_0,4,244aeb,0,LAA,datos/reducidas/1120/LAA/idx_0109.png,1120,1758,1243147,d599af3281ef585d6232c4f427f28b0ab46586ed15bea99c2e26661f6e2ad60a
244aeb_1,4,244aeb,1,LAA,datos/reducidas/1120/LAA/idx_0110.png,1120,924,799281,3bdbc69c5bc1655e670a67aa5324e986c211d4ce02b7cc1f1f1899cef7100b23
244aeb_2,4,244aeb,2,LAA,datos/reducidas/1120/LAA/idx_0111.png,1120,1473,2633935,4a2694068aec3766e65b6bd7d59a4b7b773bd663704fbbf229e04fe250ee05ba
245758_0,11,245758,0,LAA,datos/reducidas/1120/LAA/idx_0112.png,1120,2289,2478066,886167efdbd3a7bc1fedbd7a573bf6a01b53065f971ccfc9cfe1353e480c0f56
24f8f5_0,1,24f8f5,0,CE,datos/reducidas/1120/CE/idx_0113.png,1120,1590,1005340,26e84b58f1b5d616a5a7ff0a310ae97c7b69d8d0b6eb801d59a53fc543c68c25
250944_0,4,250944,0,CE,datos/reducidas/1120/CE/idx_0114.png,1120,1467,2010602,6c6987df86b1c6c10995277403a06e3a8ca0c21de6ea75fa756d243d2dbb730b
251bfc_0,11,251bfc,0,CE,datos/reducidas/1120/CE/idx_0115.png,1120,5175,1960695,df104b64c07279c3170424ea8e2aeb8e8ed23e8cfe81b7a2d67892935e91bb89
251c77_0,11,251c77,0,CE,datos/reducidas/1120/CE/idx_0116.png,1120,1877,800768,8f8333531c9565bd59a539991d7ebfc9c94479bf911d5c72e301eb26e61cd4e2
2745fc_0,11,2745fc,0,CE,datos/reducidas/1120/CE/idx_0117.png,1120,2304,957761,35633b1caacdbd19ff201fee6b38760c28ecda3aa4baa9ea430bc6dd26cfaa0a
27afc7_0,4,27afc7,0,CE,datos/reducidas/1120/CE/idx_0118.png,1120,1020,1006879,e5582552f6353c7c6ba1b9934d66eb9351ef19c1160e80b9770dafbf7d3b8b5f
280c26_0,7,280c26,0,CE,datos/reducidas/1120/CE/idx_0119.png,1120,2623,260152,35495db17a8274606c7f272c72802643f20dd5e177d59f7383c60e1be8ceb30e
280c26_1,7,280c26,1,CE,datos/reducidas/1120/CE/idx_0120.png,1120,2958,679551,2c6c96b51b462f51760e6a022765cb2ee6411adb0b64676dd4c7f975013c2493
282d0a_0,11,282d0a,0,CE,datos/reducidas/1120/CE/idx_0121.png,1120,3165,1240521,b1ca15cac782038584f7fa4d0311d0e8cced9e0650edab78ee5b2bd1d8b9881d
283f35_0,1,283f35,0,CE,datos/reducidas/1120/CE/idx_0122.png,1120,2550,915329,a138a52f499d0612dd00dae31d43ff423dc0f1e602a0dd9fa904caf5673b0ae9
288156_0,11,288156,0,CE,datos/reducidas/1120/CE/idx_0123.png,1120,3431,4481058,d6d8741796837d75bdcf54d732706da75160afe77777331e12bfb252b2e92ee1
291099_0,9,291099,0,CE,datos/reducidas/1120/CE/idx_0124.png,1120,2255,1758136,a15556d16ef58ce2609d6e64aa7bf1edd9cdd02dfb18c6bc6f60b61ec7293feb
29a4f6_0,6,29a4f6,0,LAA,datos/reducidas/1120/LAA/idx_0125.png,1120,2140,934454,e91d6f42d49129080b85b7c8b685f7ed89ea196e91a70e5a18a25503c2df34b0
29b1b7_0,11,29b1b7,0,LAA,datos/reducidas/1120/LAA/idx_0126.png,1120,1736,465877,7943e2fc698441ecba93c7544b752359a4ea15fd6faa850f513117b4a144c5ad
2a25b9_0,2,2a25b9,0,LAA,datos/reducidas/1120/LAA/idx_0127.png,1120,1875,511334,cfc38b2ea9cb7f0b3ba38300f18c88a08594029ed07e5ea6e9fb6727dbf71b99
2a25cf_0,7,2a25cf,0,LAA,datos/reducidas/1120/LAA/idx_0128.png,1120,2640,928839,629df5014903cccf096787e8709d3a9f51468a94fda2c7c4c8f2ba07c04a936a
2b49d6_0,4,2b49d6,0,CE,datos/reducidas/1120/CE/idx_0129.png,1120,1035,495247,62b73953be14c48b3cdbba9413be28994e5a63a67a2bcd4edf5351ad8f0b4a6a
2b7304_0,3,2b7304,0,LAA,datos/reducidas/1120/LAA/idx_0130.png,1120,3837,1715339,3c40bbd9b1d5c3565b15e31b9613e49e8e7fb111c41f388b36cd0cfb65452309
2b7304_1,3,2b7304,1,LAA,datos/reducidas/1120/LAA/idx_0131.png,1120,2050,756507,d36dd9806d4d9e66a79847ef4613bdfbc3f26ba9807ca1c6bf8935aff79b0073
2b7304_2,3,2b7304,2,LAA,datos/reducidas/1120/LAA/idx_0132.png,1120,3219,921177,08c11b1d2bdb399be3cb9360b4095595895787ed25e7f5005b287a9973fb741b
2bcdd9_0,7,2bcdd9,0,LAA,datos/reducidas/1120/LAA/idx_0133.png,1120,2919,2003719,4e4e7fce06737a7d2c7874f2fab00a7515b62ef775f98852c1579ecc547f3b98
2bd8fe_0,6,2bd8fe,0,LAA,datos/reducidas/1120/LAA/idx_0134.png,1120,2342,1114017,1f862c223a332982327102c7c46865345ec61a98546215efa89a5add9e140e1f
2c64b2_0,11,2c64b2,0,LAA,datos/reducidas/1120/LAA/idx_0135.png,1120,2180,704200,36931a83c66433a4a5f59dd0f45e42fe0ec95bc7e7365940691288302a1a9c9e
2c8b18_0,2,2c8b18,0,CE,datos/reducidas/1120/CE/idx_0136.png,1120,3898,984224,eb1bb91d1c56e5fb95df22acaa5c5c0925a8321d857a209337ede8538c843fb2
2db520_0,7,2db520,0,CE,datos/reducidas/1120/CE/idx_0137.png,1100,2300,932733,5f90d179789331a89ba3d02e4b3645bd7d1f4330aa22e88cf18271d927dc8efa
2e3749_0,7,2e3749,0,CE,datos/reducidas/1120/CE/idx_0138.png,1120,1809,487610,7f9c71b71d7a8bf8d6ecc0a6b86bf9dde2419ba66df5b1f61d2216acf4900c5d
2e725a_0,11,2e725a,0,LAA,datos/reducidas/1120/LAA/idx_0139.png,1120,2189,1045191,052406a020a9008953ae71902dad27883dd405bcf4b672d26243c69c156d0c46
2e7d16_0,11,2e7d16,0,CE,datos/reducidas/1120/CE/idx_0140.png,1120,1761,1125266,e1046bb753b760d34ab2ea1f17e76e7310484a0a5323928f536cfb786f466986
2e8763_0,10,2e8763,0,LAA,datos/reducidas/1120/LAA/idx_0141.png,1120,2270,956100,4d0b8df8da940fca6c9c693a89f93b8338875ed431c0635a761b9cbb63a11a19
2eb2d7_0,11,2eb2d7,0,CE,datos/reducidas/1120/CE/idx_0142.png,1120,2350,1329311,6eb067c916cddc94f395390de3b72716456479158cbdd1bdd3ec4d18a8b4c81c
2ecb46_0,4,2ecb46,0,CE,datos/reducidas/1120/CE/idx_0143.png,1120,1533,1538225,00a50290abede74ff7d842600ea88536dbeaa4b8679b4f06c90d47e08d333e2e
2f4974_0,11,2f4974,0,CE,datos/reducidas/1120/CE/idx_0144.png,1120,2677,3305176,da9f712c5a652978bf048e5e7cbf67cac77d6b9ae0191c3678a9ce7bd52aa19c
2f73a2_0,11,2f73a2,0,CE,datos/reducidas/1120/CE/idx_0145.png,1120,1425,781369,d987fd9293d89cd6936148e3d49972c380184bfbf57d6cae2a5dbc49cd260e7c
300145_0,11,300145,0,LAA,datos/reducidas/1120/LAA/idx_0146.png,1120,1209,1047989,f51e5648d0e409d83ca2bdae4fd5a4ab291584884930d1cafcb2bce224232377
3020ef_0,11,3020ef,0,CE,datos/reducidas/1120/CE/idx_0147.png,1120,2535,3007656,65a3140cc29b2f7fc0ab11ab891a7939fdabb12224f45f06017ae902c9574747
313d30_0,1,313d30,0,LAA,datos/reducidas/1120/LAA/idx_0148.png,1120,4121,1490626,30d21f4ee14bff53a3a441d171ac2c30780605067d8040d7e0dc179b6aa55e39
3152c0_0,10,3152c0,0,CE,datos/reducidas/1120/CE/idx_0149.png,1120,4717,2418224,00f8dda2b31461a66b842f545b300ce4f6d791f649878d733447959a76670f3c
31588e_0,7,31588e,0,CE,datos/reducidas/1120/CE/idx_0150.png,1120,3663,1822261,65671f63a7eef82981680314b059e780cfc7e7ef7846ec4b5036d9b5dc2f4df3
31adaa_0,4,31adaa,0,CE,datos/reducidas/1120/CE/idx_0151.png,1120,1509,1701994,005b3c0f8f08c7268e14a57269b0dedd0516d46b6c7ef2644e5101934b7523fd
31adaa_1,4,31adaa,1,CE,datos/reducidas/1120/CE/idx_0152.png,1120,1045,1099795,be86988db82cabfbeb9d4c2f6940ef0ce64693524e71facbc60f6a1d193b9a52
329006_0,11,329006,0,LAA,datos/reducidas/1120/LAA/idx_0153.png,1120,4770,1593183,d30683c6c4f227de28878fda34aeefb46b4d733d2e10a48a0e68bbec2cf81611
32e44f_0,11,32e44f,0,CE,datos/reducidas/1120/CE/idx_0154.png,1120,1957,1752647,804dc85cbc74d8f1b75744c383bfaef8ea068a70806104d921818d8118b97731
33d071_0,11,33d071,0,CE,datos/reducidas/1120/CE/idx_0155.png,1120,5047,3450035,e624c62811422e8990a9da6643f7015736a6723f8e5e8a1bec1dcfac57f1f2c2
33d2a7_0,11,33d2a7,0,CE,datos/reducidas/1120/CE/idx_0156.png,1120,1925,1058337,e0620b0182f6389ed6094c17be24983ee61ff6e3d232882409d7651b72588ad7
33da32_0,7,33da32,0,CE,datos/reducidas/1120/CE/idx_0157.png,1120,4156,2344083,ecdebef08d26111d943793afbf4df6dd7419a1ae1df49d6fe8763bbaa4476ea9
34a278_0,4,34a278,0,LAA,datos/reducidas/1120/LAA/idx_0158.png,1120,1867,2207870,8adf0dc3392f3d765eff34a0e9d150522537555e9c1f671024a0a380cf04e4b7
34c9bc_0,10,34c9bc,0,CE,datos/reducidas/1120/CE/idx_0159.png,1120,1594,897360,922cdc35f6e745a4fa07c46ddf12f225bb8f82f65f0097a375936471b93cdec8
354f74_0,11,354f74,0,LAA,datos/reducidas/1120/LAA/idx_0160.png,1120,2227,2249950,f48588666fcfa648de58ef978bcd18eeee21f6cef0a6443b03a96cf39301e0a4
355354_0,4,355354,0,CE,datos/reducidas/1120/CE/idx_0161.png,1120,1098,1287818,71907a05823eaf478099416cb47a1946221dd2455977df94eb82ea8d9bd4622b
355354_1,4,355354,1,CE,datos/reducidas/1120/CE/idx_0162.png,1120,1234,1235343,a634d163a118967a62fc34c6f1372e4e091e60079c286a35f680e9db28305915
35b75a_0,10,35b75a,0,LAA,datos/reducidas/1120/LAA/idx_0163.png,1120,4089,3096086,78296d2b3d8dbf282d583a0b44727c890a47d52bf3146d0365ca94e43867cbe9
366fd0_0,3,366fd0,0,CE,datos/reducidas/1120/CE/idx_0164.png,1120,1714,946842,f21773953eea5f7a7278fa20f7761cfe336e16b321ef11113c18377cdd6d37a3
369366_0,3,369366,0,CE,datos/reducidas/1120/CE/idx_0165.png,1120,1903,259497,7ac4225188ec2e4227420699ceb1fd919f3fbf37111fa77d5878d12f646487a6
36a149_0,11,36a149,0,CE,datos/reducidas/1120/CE/idx_0166.png,1120,1409,1167110,198aa5b262b15f469d38e8c585e2baffd57e96b19073061a6ea55110b445f8ac
37258c_0,1,37258c,0,CE,datos/reducidas/1120/CE/idx_0167.png,1120,1792,759275,d004a15f3b260c4611b202c2f4f8c97cbb0c9acd398868fc258a573c8e78c354
376cf6_0,11,376cf6,0,CE,datos/reducidas/1120/CE/idx_0168.png,1120,3660,1384037,4357b0e6e66c3831264e5b4e038352e30336842d085be8d113288b8106d77df5
379f1c_0,7,379f1c,0,CE,datos/reducidas/1120/CE/idx_0169.png,1120,5044,3190160,a1937b12cc65a1b481a0e9f728f7e3466028a430f7fc425eb93722a86b192adf
383f05_0,11,383f05,0,CE,datos/reducidas/1120/CE/idx_0170.png,1120,2114,1352864,dc93da7635479c602cccc2810767582c8017c15474d1be23997bd6e66d1b55bf
384052_0,5,384052,0,LAA,datos/reducidas/1120/LAA/idx_0171.png,1120,3438,1446604,276cbfcd2810eac874889b81812cf8e507546d43e9bdf2e427041131c20cacd8
392b24_0,1,392b24,0,CE,datos/reducidas/1120/CE/idx_0172.png,1120,1391,339767,8c114b8464f504a1047b45cb6ee42429cf91768a456cf8e3ff9015c40a2fc291
395ea0_0,11,395ea0,0,CE,datos/reducidas/1120/CE/idx_0173.png,1120,2897,1162675,0e2f0ac71fd010383bd71b3fadb5bc750b6a020e6662e6496076516c90ced9ae
3982bf_0,11,3982bf,0,LAA,datos/reducidas/1120/LAA/idx_0174.png,1120,2751,3078625,a6a69ade0c4f8e190d2b82d2c44f05929416c457a33c7c379c5ff872df802d8e
3a230b_0,11,3a230b,0,CE,datos/reducidas/1120/CE/idx_0175.png,1120,2829,902115,4f4bffe0121d838afc1b3dac483755eb80c1579aaf459df7399de00e8b403773
3ab087_0,6,3ab087,0,CE,datos/reducidas/1120/CE/idx_0176.png,1120,2992,1208725,78b19924649157aa31df7a92ee63dcc4495396d7d8694869e7315dce079e268f
3ad0bb_0,4,3ad0bb,0,CE,datos/reducidas/1120/CE/idx_0177.png,1120,4219,1269149,bbea7521cd45ffbe315b600b50531b49b2508d931baece6ca63d3d8bb978ade2
3b2c59_0,11,3b2c59,0,CE,datos/reducidas/1120/CE/idx_0178.png,1120,2971,1297201,266aecc53a69cf0304a06de23036f23015675cdaabb2c3ba6b86aedfa405f3ba
3b7d81_0,7,3b7d81,0,CE,datos/reducidas/1120/CE/idx_0179.png,1100,1950,748819,f69cc4a2ba2962d6ccaf5a91fc49742da0d6d00316b1e26543c0dd55b1d47dfc
3bc9c9_0,3,3bc9c9,0,CE,datos/reducidas/1120/CE/idx_0180.png,1120,2354,680264,6f0969f694852970729251d80e9d567d14e37d784189355acf7d48790512ca36
3bfe64_0,11,3bfe64,0,CE,datos/reducidas/1120/CE/idx_0181.png,1120,3424,511733,f6f2f5f7c545379bb986aed5a571da4df156131f3caec55c36bae7fa5935bd7a
3c2c23_0,11,3c2c23,0,CE,datos/reducidas/1120/CE/idx_0182.png,1100,2100,1317656,ae11983439665042b68c8bd1fa0a0fffe3671b6c32820bb299251bf96b8a2c38
3cbdf3_0,11,3cbdf3,0,CE,datos/reducidas/1120/CE/idx_0183.png,1120,7167,6419110,6b1802fbbdcc0850ccc4464c59c66a4f756befe2c321e491bc594a0e8d929662
3d10be_0,4,3d10be,0,CE,datos/reducidas/1120/CE/idx_0184.png,1120,1215,892657,73e035bf0d2c4e203b5d5905562a44ca0877f6ede0d93f47c5a29ce137c032ae
3d10be_1,4,3d10be,1,CE,datos/reducidas/1120/CE/idx_0185.png,1120,1872,893742,eb93902e9620ceb98bdb4e54f7ec16e478200a26568637b64c87bce1eb640fdc
3d10be_2,4,3d10be,2,CE,datos/reducidas/1120/CE/idx_0186.png,1120,1430,546398,fb7bfcb39abe9e6340ffdef4c0361818de582fe628c57e36ee9d6600c05edf39
3d10be_3,4,3d10be,3,CE,datos/reducidas/1120/CE/idx_0187.png,1120,1785,1287630,f993dbdae69ee281496b9041f1f353555c9cc5c236b14567d423a6420e12356d
3d10be_4,4,3d10be,4,CE,datos/reducidas/1120/CE/idx_0188.png,1120,1458,1107963,18740b2f24b58f06a73bda6f9f9da5146ebda69e17db9922a4786bd1711a7144
3d80c7_0,11,3d80c7,0,LAA,datos/reducidas/1120/LAA/idx_0189.png,1120,2154,659526,47e05d2d4c284851a6a7a70bf8bf418a22ee42c6f8a7c4bdc700f406dcc8cbc1
3ee426_0,1,3ee426,0,LAA,datos/reducidas/1120/LAA/idx_0190.png,1120,3090,904934,0f73ea7e199cada16498ebc7a2b1310632498a55b995208c52cb28647b387fcb
3fe88b_0,11,3fe88b,0,CE,datos/reducidas/1120/CE/idx_0191.png,1120,1964,1043318,cdde11edfe7d4fc5d75e18053f3bb2ee42a492ccc1e522b8d5be6700999ccdf7
3fe8a3_0,7,3fe8a3,0,CE,datos/reducidas/1120/CE/idx_0192.png,1120,4815,3273443,7636dcb9c0b8cad7760a82ff1bd4e73948af728c1d0a0550475cd2ad1c5c171a
4094c4_0,1,4094c4,0,CE,datos/reducidas/1120/CE/idx_0193.png,1120,2691,2882887,c6535aafcf62e5d5c0cececf7b027627d8c850dff838121bf9eaa2a278793271
4188be_0,5,4188be,0,CE,datos/reducidas/1120/CE/idx_0194.png,1120,2875,1165144,fdda4050c1ff9666fb98adcdf68e1a2ead6b005453f4a57f4e56c947b7036453
41b23c_0,3,41b23c,0,LAA,datos/reducidas/1120/LAA/idx_0195.png,1120,1814,578168,80b026bf9d9e7ff10486018168dc4cdbe31018755dffa76d6602437527e89057
41b4ea_0,7,41b4ea,0,LAA,datos/reducidas/1120/LAA/idx_0196.png,1120,2601,1077053,4a07c0ade65e247fc9636ba258d037dc96fed529f65184fa7b6516a913f048b6
41b4ea_1,7,41b4ea,1,LAA,datos/reducidas/1120/LAA/idx_0197.png,1120,3724,1054830,1f72677490c98119552b9156bef5863747e6e820b72616f9c7e25521bf5d4ce3
41db5b_0,6,41db5b,0,LAA,datos/reducidas/1120/LAA/idx_0198.png,1120,2379,2178850,6ec230f59d798835b5863b67a51e387c03b9d2bd298cdce73ce9d010617d5e52
424c9d_0,6,424c9d,0,LAA,datos/reducidas/1120/LAA/idx_0199.png,1120,3289,1679196,8d9a901f866b82d1fb0a351c55f8cdc32d3624c69e9a87f93ca699c1b34415af
42529f_0,11,42529f,0,CE,datos/reducidas/1120/CE/idx_0200.png,1120,2408,1123900,f50a40dec8c2b7b0e02e5257fad5d479bf074ffffc243795fe6dacccae11e42b
437435_0,7,437435,0,CE,datos/reducidas/1120/CE/idx_0201.png,1120,2612,627840,b04e085b36862a6b3919abe7cb5eca30096b40372ee6febaede24355563e462d
437435_1,7,437435,1,CE,datos/reducidas/1120/CE/idx_0202.png,1120,1758,1487740,edd812eff30325151f23dda461e6f6740d2a8d2b832f4355bb93592d76f3add1
43c62b_0,7,43c62b,0,CE,datos/reducidas/1120/CE/idx_0203.png,1120,3368,819270,ec213e14a7e7459782db7437dbe079cf03bbc92cf3532a5ad162d7aef0fc5921
43eacb_0,11,43eacb,0,CE,datos/reducidas/1120/CE/idx_0204.png,1120,2531,1919480,6cd10ceb1c2bf522316c3fee0e849f323c09915aba370e0ea0731412f6193c92
4550fb_0,11,4550fb,0,CE,datos/reducidas/1120/CE/idx_0205.png,1120,1453,506799,3e3da37dadac1f376b54743a35d32e5b9eb93926b35f3505b1e0dee419b13b5a
45a0e5_0,7,45a0e5,0,CE,datos/reducidas/1120/CE/idx_0206.png,1120,2146,1091599,5eea6e40fd031f03953e3f96620b7a2dd7177ff3246a20ed1a3fec2a66f3c449
45a0e5_1,7,45a0e5,1,CE,datos/reducidas/1120/CE/idx_0207.png,1120,2146,683565,9c0591a7dea013e0cacaabb7b8184f96abfba03992e36683811f64d6cd3304f6
45c6ce_0,11,45c6ce,0,CE,datos/reducidas/1120/CE/idx_0208.png,1120,2969,2103426,034f7a4213d536d68155faccf0bca17389b8556b020ff5b1fa033f950551d115
45e3e0_0,11,45e3e0,0,CE,datos/reducidas/1120/CE/idx_0209.png,1120,2156,593254,586a5fa26af8028c0d4320e9f48c1875aa78dcde3183f3596593c65a7eb0aaa0
464289_0,4,464289,0,CE,datos/reducidas/1120/CE/idx_0210.png,1120,1400,1541684,d6effb64dcac74afa3c86fcb13f9d9645756263ea8f6dcf842166d382a510d25
4647d7_0,1,4647d7,0,CE,datos/reducidas/1120/CE/idx_0211.png,1120,2687,1174787,da43d0683c6f4129f6bebbd92fca5c679ce5eb966f579f28b0643ef049bedd8c
4667f6_0,11,4667f6,0,CE,datos/reducidas/1120/CE/idx_0212.png,1120,1588,322597,e5dd6f6b737cb3759477287d67e06ed302650e3e91a902d65432c069d53aa11f
46def4_0,3,46def4,0,CE,datos/reducidas/1120/CE/idx_0213.png,1120,4524,2479119,401a913ec71b2a8a085472347632575d66202202cd48da843399dc8b44cbcd0d
46e479_0,11,46e479,0,CE,datos/reducidas/1120/CE/idx_0214.png,1120,1760,668459,08cd8ae8328dd3c9b1cc54dae669da18c538ff36a1814d22ce526ba9b3e0bdf2
4763a7_0,11,4763a7,0,CE,datos/reducidas/1120/CE/idx_0215.png,1120,3651,1692539,d779b0d30ce68abd15d5a3db746ad33175c6458d928fa9854868ad6ab5acc089
481ba8_0,5,481ba8,0,LAA,datos/reducidas/1120/LAA/idx_0216.png,1120,1873,1151264,f50d06f88d7c9b5a86d37362e1fc27b73b4e73dc86cfdf4a0874e9fd48ff6efc
488cd4_0,11,488cd4,0,CE,datos/reducidas/1120/CE/idx_0217.png,1120,2353,774304,f6839f65c718d69ce96bc43dfed8437d9796da64c44d68c0e2477fb3c8c9e942
48af1a_0,7,48af1a,0,CE,datos/reducidas/1120/CE/idx_0218.png,1120,3784,2757467,8321c0c39dd4bad3645618fef2cadc0a9c45b5e253bb01cac06ca0ecaca5b800
4919a7_0,7,4919a7,0,LAA,datos/reducidas/1120/LAA/idx_0219.png,1120,3188,1586303,0842f584a38c4c78fd9fe4ea88a6a09335c2277a3e6835115faa6d989bdecf43
4929cd_0,4,4929cd,0,CE,datos/reducidas/1120/CE/idx_0220.png,1120,1277,1046746,fbf6ba8360935ad00c14304bccf5e8d6ce445ca3ae4ab3a280b68b7a843e6113
497c27_0,11,497c27,0,LAA,datos/reducidas/1120/LAA/idx_0221.png,1120,4240,2762357,7eb05a321db9f5de388e8cb2a199c3e3ee63b028050981d64566eca3d70b39c1
49ea39_0,7,49ea39,0,CE,datos/reducidas/1120/CE/idx_0222.png,1120,1880,290068,cb2a1b5b05940066207ab59c2d3a5669f551fb957fbe3fc1a3d3f69cd983231e
4a1152_0,4,4a1152,0,CE,datos/reducidas/1120/CE/idx_0223.png,1120,1261,1455718,accaf4adc1f022109d326ef49c1ae15a0fa40f67ec692ae67f4a8aa4fed13e50
4a4043_0,1,4a4043,0,CE,datos/reducidas/1120/CE/idx_0224.png,1120,1997,1097671,140abb25e5e76abe1a5aba859badaed8df3ea66edd8df989874b9e4661da33fa
4b8777_0,6,4b8777,0,CE,datos/reducidas/1120/CE/idx_0225.png,1120,2257,920653,0d3b6c72818a89f19e914ce83c50c3f6ebdfd27081caeb2e31bf74454fe6e218
4bfb94_0,11,4bfb94,0,CE,datos/reducidas/1120/CE/idx_0226.png,1120,2924,845902,d4006d4574eac7adb5ba6b6977492ac8f9690f0dd264f7b5b093a5ebec678303
4c284f_0,6,4c284f,0,CE,datos/reducidas/1120/CE/idx_0227.png,1120,2762,1949622,b10f5d51d587eef9a9c1f969fab291707623d7eb7ed8445ed5131d392e10d362
4d15a9_0,3,4d15a9,0,CE,datos/reducidas/1120/CE/idx_0228.png,1120,3134,1621324,4533953e93b687304ad6c841e1a2fc086e0b3b2afd3f85cde1260f9b8f30ed6d
4ded24_0,8,4ded24,0,CE,datos/reducidas/1120/CE/idx_0229.png,1120,5090,163965,9a483f61fa711008c9a844f56e62754beefc848fb13da35d5298266d021a30b3
4dfe1e_0,6,4dfe1e,0,LAA,datos/reducidas/1120/LAA/idx_0230.png,1120,2484,1149570,fc13f9915ddc2c38614310d3ada9171280e08c8089c4dafa1568ea2d43558635
4e30e9_0,4,4e30e9,0,CE,datos/reducidas/1120/CE/idx_0231.png,1120,1706,1216806,0539bef8c6a5612e41061e8e0420da020a568c8802c98f1580ddfb086ad04065
4f49c1_0,4,4f49c1,0,CE,datos/reducidas/1120/CE/idx_0232.png,1120,1209,896505,915f9c3ac8f0d7df991cf8d54d33f8b0b238f68207f63e3419fc08a1a1ba71cd
4f6fb1_0,10,4f6fb1,0,CE,datos/reducidas/1120/CE/idx_0233.png,1120,2350,1818946,d2e7c79ba0e7b13918348c0f4b79576599e5903c9ab9a2aa0f6a322e4133b2ce
4f6fb1_1,10,4f6fb1,1,CE,datos/reducidas/1120/CE/idx_0234.png,1120,3201,1781388,4ca9dec19b9b30aa23384f6414362f0c98db9bf73d3e2cbd1cf3e2f6a76039b7
4f6fb1_2,10,4f6fb1,2,CE,datos/reducidas/1120/CE/idx_0235.png,1120,3229,3199587,3e43021d0e5386d6c528489651f78f3ea207a0183be57a090e4949ff582d247e
4f6fb1_3,10,4f6fb1,3,CE,datos/reducidas/1120/CE/idx_0236.png,1120,3579,3208945,00e34d0b1c60b36d8b069b019f944caf6d105a2c8415512c1bd70989a87cbb35
4f7d1c_0,11,4f7d1c,0,CE,datos/reducidas/1120/CE/idx_0237.png,1120,2433,1055791,fae5bbbcdf913675858a7305e5d798f6efb77513b205e968b1a632728359b809
4f9678_0,6,4f9678,0,LAA,datos/reducidas/1120/LAA/idx_0238.png,1120,2590,1168328,dc1b550b89459f63e333daedede89c94e44e0d3b65cb84249ac538add5e457e7
4f9ac6_0,1,4f9ac6,0,CE,datos/reducidas/1120/CE/idx_0239.png,1120,5669,2230985,56b49ab4a614ac50d03d02f478a19489e94b1985975ce1a768c849562b68ec34
507ac9_0,7,507ac9,0,CE,datos/reducidas/1120/CE/idx_0240.png,1120,1995,1649837,a5d4757bea26d21babd3fd78b432e369fb8ab910a398eeae77548d6d3ef829a0
508589_0,11,508589,0,LAA,datos/reducidas/1120/LAA/idx_0241.png,1120,1787,457879,c199f4f0f0e3dc30fec658f7f130b53473603ceaf02f175d762c1b53f48290cf
509042_0,1,509042,0,CE,datos/reducidas/1120/CE/idx_0242.png,1120,2536,623248,b55d641bd65e151ca2ab37c49d7724fec5dcfdc6d49aa14db797afba7a8560f4
50ba15_0,6,50ba15,0,LAA,datos/reducidas/1120/LAA/idx_0243.png,1120,2789,1061761,85866b09a5de89b151cc97eec44b3619b8baaf90e3d9e154d74ebd9e84451b3e
510d2e_0,11,510d2e,0,CE,datos/reducidas/1120/CE/idx_0244.png,1120,1594,241471,315fc1b957c848a26954774fa104c24f32b7681ddb93fea1cbf872b727ad3d6e
512856_0,11,512856,0,CE,datos/reducidas/1120/CE/idx_0245.png,1120,1977,766258,0dffb4a806a679ab518e825bd7eb29c8e25f4c75a50f4e556654d430ef22d7dc
516e18_0,10,516e18,0,CE,datos/reducidas/1120/CE/idx_0246.png,1120,2021,1045835,4d3ccd439bcef0c4cf97482680966e89d2d3e1cc350b8b6d826212f504ef545d
516e18_1,10,516e18,1,CE,datos/reducidas/1120/CE/idx_0247.png,1120,3275,1140756,c0db2785033816b2f8aaf46261b962962899c07a6c417c3a55f674d2d6dd9966
526dba_0,8,526dba,0,CE,datos/reducidas/1120/CE/idx_0248.png,1120,4395,1800807,09c3e4263c371d77f7d2b0b9f46f4968215473fc9ce503bdc25b265fda69a024
52bc2d_0,11,52bc2d,0,CE,datos/reducidas/1120/CE/idx_0249.png,1120,1748,639114,60457b6fde9a4705e9f2794c8ca59993b2208f1957f61e32128e9ab9a46be38e
52d106_0,11,52d106,0,CE,datos/reducidas/1120/CE/idx_0250.png,1120,1641,626358,171fcb786fdda59178c805340f98cebff4cb9c348dcb2c413eaa9b2ecf7cf57c
533081_0,3,533081,0,CE,datos/reducidas/1120/CE/idx_0251.png,1120,1906,204785,ec96c3b901e9165ef9a321677c35792b396248059b315c8d85ec4351a376d129
533081_1,3,533081,1,CE,datos/reducidas/1120/CE/idx_0252.png,1120,1765,962134,2b41128cafcc15d8ffa08711c0962939845b555ff286d56cb3a347ea1ca41241
533081_2,3,533081,2,CE,datos/reducidas/1120/CE/idx_0253.png,1120,2127,541942,cf5eaaf14c996f467d0dee25fcfca24e6fce14af4c3f425867cf772f20c99de8
533a49_0,1,533a49,0,CE,datos/reducidas/1120/CE/idx_0254.png,1120,2733,1274588,c53dcb462408062c18db1fc588fde2e6c34a81107fa1714c87a4fc4da28538a0
53845a_0,5,53845a,0,LAA,datos/reducidas/1120/LAA/idx_0255.png,1120,2381,1417635,c8ee603a0c6e0f89595960f5f39de46f81936daa180e8a945d343169f8a569c0
53845a_1,5,53845a,1,LAA,datos/reducidas/1120/LAA/idx_0256.png,1120,2352,1575885,fb5f49970385a5d097e602c45ebb1981bb9e1ea4e7a45be11a6d6a36ed7cc5cd
53e0d7_0,10,53e0d7,0,LAA,datos/reducidas/1120/LAA/idx_0257.png,1120,2148,885025,f6c40a04dac13718d570308689bf197d911131b96610e55e919a83a113339242
540410_0,4,540410,0,CE,datos/reducidas/1120/CE/idx_0258.png,1120,1635,963432,e6fc65d3a5a95e48e7587e1ada4f3d94c588de745e44168bf855d38cc9bcd4f5
5415fe_0,11,5415fe,0,CE,datos/reducidas/1120/CE/idx_0259.png,1120,2989,751579,dc7476080c77136f72becdd174ec5ec4517640f9e5676b053fde7ef0621267fb
547474_0,3,547474,0,CE,datos/reducidas/1120/CE/idx_0260.png,1120,2614,2835551,2c7d828c4ef178e6d462373fcf9c19042770d47136eddfea7da12901cc88b04f
54838a_0,11,54838a,0,LAA,datos/reducidas/1120/LAA/idx_0261.png,1120,3764,2435560,7e80b6794ff557fcd88b35d2da926d47667f9ae4cff8af83cf1c33c101ebf5dc
54ddc7_0,11,54ddc7,0,CE,datos/reducidas/1120/CE/idx_0262.png,1120,2572,1597088,a925980889e002ddce9072d96a270f901232493b975b8f955cf97d47bd8f1d13
557c4b_0,10,557c4b,0,CE,datos/reducidas/1120/CE/idx_0263.png,1120,3777,1457649,9df88c08442fc0bde5a0683f04f50fc88d511b66c0c78541060289b2addcbb2e
55809c_0,10,55809c,0,CE,datos/reducidas/1120/CE/idx_0264.png,1120,2749,2401497,b787cfb28b570016ec181cc93d12c881610d72796eb87da7f24b18fc2e80349d
5588f9_0,1,5588f9,0,LAA,datos/reducidas/1120/LAA/idx_0265.png,1120,1029,273493,feb2c6c2aff3f1486ade0372e9dd5f33f0c61b79076fa58eb59f585d5f88cdce
5619c3_0,11,5619c3,0,CE,datos/reducidas/1120/CE/idx_0266.png,1120,3299,579771,05bd97e7aafda84fea23347bf10e8893a9a6eef03234b1c67d3cfb8a696a73e6
5671c1_0,1,5671c1,0,CE,datos/reducidas/1120/CE/idx_0267.png,1120,1266,688223,cbd4cfb6319a100e77eeb97e3bc8052f16c7e47e981efa362dd350f19e5d2003
56d177_0,7,56d177,0,CE,datos/reducidas/1120/CE/idx_0268.png,1120,1618,104092,7073df73d92d9a10e4d4b43ee21c14b6b7959c1c6ca47f4ae53f0eabde102425
56d177_1,7,56d177,1,CE,datos/reducidas/1120/CE/idx_0269.png,1120,2318,492997,4312a619aa9a41cdcd56fe04137e068c249afe91df1d9126ea4bdee7bc064165
56d177_2,7,56d177,2,CE,datos/reducidas/1120/CE/idx_0270.png,1120,1604,282467,678a0eef8a5bcc111e3b8e3b9de88ad47bf517d67953f26720cc9f753c94782d
56d177_3,7,56d177,3,CE,datos/reducidas/1120/CE/idx_0271.png,1120,5848,498661,55362b6ccaac93a0be645625b1c2c0dd21b995b7e9dd111447463bc8d6b805d6
56d177_4,7,56d177,4,CE,datos/reducidas/1120/CE/idx_0272.png,1120,2040,216667,17d4fecb74177d6f392733c9c0015d6d4a43f7d7dea18458fb4381197db66bae
579988_0,9,579988,0,CE,datos/reducidas/1120/CE/idx_0273.png,1120,1982,782891,9ee3c2be02e0823926038352bf6329cc9c4e84dd1dffedaec8f5dc4e6e960148
588e11_0,10,588e11,0,CE,datos/reducidas/1120/CE/idx_0274.png,1120,2155,858668,471ab65ca44591658f4822ccb7e59a3fe02de3ceafecf551150c364daf87ae7c
59441e_0,4,59441e,0,CE,datos/reducidas/1120/CE/idx_0275.png,1120,1500,1240618,75e4e2c7ce269486f7440bd32c58db20a0334cc87484dbd26c095aa98aea0cda
5987c0_0,2,5987c0,0,CE,datos/reducidas/1120/CE/idx_0276.png,1120,2192,364061,f26a625291ac3d3a0f5e868c75609e569a32f708e9012d223e03190571972755
5987c0_1,2,5987c0,1,CE,datos/reducidas/1120/CE/idx_0277.png,1120,2408,654728,15c1e84f9f6efb03a8d8c0a0a83979af2497ac10a7fa36b50131a795953c6d02
5987c0_2,2,5987c0,2,CE,datos/reducidas/1120/CE/idx_0278.png,1120,1779,678930,1b02e37da08af8530ec85f093529ac7412b6411424f3ecc564d52732c88e03fb
5987c0_3,2,5987c0,3,CE,datos/reducidas/1120/CE/idx_0279.png,1120,1611,272556,7926693fc1e5d3035489b0dbb362e4bbbc1f106a62a434626f12a31cd285b29d
599e16_0,7,599e16,0,CE,datos/reducidas/1120/CE/idx_0280.png,1120,2250,1235950,14ab8c1f3ed7acec7763b0a4a9a26e58c65e92dd4ce76daccb177bc7ddef6137
5adc4c_0,11,5adc4c,0,LAA,datos/reducidas/1120/LAA/idx_0281.png,1120,1921,421917,7ed46cdc64764463a36ae5c906d0da4e971b8e0a1ae519932388377a80aa636f
5ae30a_0,3,5ae30a,0,LAA,datos/reducidas/1120/LAA/idx_0282.png,1120,3293,3145596,61079ff0a934357949a7ce529ea4d481b40cfbfe4e90c44dc6a1bab8b7fa338c
5aec9b_0,11,5aec9b,0,CE,datos/reducidas/1120/CE/idx_0283.png,1120,2166,2410600,d1a1071bb8ad819cd4e0d83a49213a4868ebbd83df968c0070600483ec3837b7
5bfaf8_0,11,5bfaf8,0,CE,datos/reducidas/1120/CE/idx_0284.png,1120,2520,3660719,88553686b8a2bc57a183d715ed20d406678ee6519f42a72ea3ced3cb510bf17e
5c30ec_0,11,5c30ec,0,LAA,datos/reducidas/1120/LAA/idx_0285.png,1120,2117,600822,71ed8c5308b15e2f59829d78a343c123174a13558b089b82c9c424d11f575554
5c92f8_0,2,5c92f8,0,CE,datos/reducidas/1120/CE/idx_0286.png,1120,1440,417210,a5e249fae3a0dcfe1751329e29ffbc6d5bbd912e5143859d2aa40c39962efdf5
5cae18_0,4,5cae18,0,CE,datos/reducidas/1120/CE/idx_0287.png,1120,1028,1816731,129a057b74639c4c5494ceeaba92bd9cf6d11793be295ee5f78e5d7f6c58443b
5cae18_1,4,5cae18,1,CE,datos/reducidas/1120/CE/idx_0288.png,1120,1559,1520597,bd1c0d32ba6825b6fcb66bdadeefc9fa86a1cc943b3a673205b0887826774192
5d3738_0,11,5d3738,0,CE,datos/reducidas/1120/CE/idx_0289.png,1120,2572,1326539,7dfb68fef1984ae1c2c69ee41c73493f5cac550ef92a320112e7d9f8e3dc173d
5d4b88_0,2,5d4b88,0,CE,datos/reducidas/1120/CE/idx_0290.png,1120,3912,524276,aa7e5108939ff73946de0d2a832369f30e0dfb089b390d2b612653c9507219e0
5d4b88_1,2,5d4b88,1,CE,datos/reducidas/1120/CE/idx_0291.png,1120,2444,457240,294c2194f1e14ae29555e7f7e12f4ee82226b54677fcf04bdb3ccc2f8146d370
5d819a_0,7,5d819a,0,CE,datos/reducidas/1120/CE/idx_0292.png,1120,2084,1004232,c56436f6b0522949fbb77dbdfa826148dcaea578316237d40f530adddf43a01d
5d819a_1,7,5d819a,1,CE,datos/reducidas/1120/CE/idx_0293.png,1120,2145,486418,8c97c01d6d5163810dddcfa1a368effa587d94b0a6b3c59bca312ee5b872c0cf
5f0b6f_0,6,5f0b6f,0,CE,datos/reducidas/1120/CE/idx_0294.png,1120,2426,534864,d49296b4a2b9c1cb98c0b863c6acf25bf69e4a16a8ecf498a1a8080543769c2c
5f3f01_0,7,5f3f01,0,CE,datos/reducidas/1120/CE/idx_0295.png,1120,3956,1399484,65f217e72a46877c4274021c856de96c2f104fa6521de233ef59ca769c9ed10d
5f4bd3_0,4,5f4bd3,0,CE,datos/reducidas/1120/CE/idx_0296.png,1120,3305,1684943,f4acaf73970c05801c5e052e3749ae1d482d9c7546f629089f0800af6620d28b
5f520a_0,4,5f520a,0,CE,datos/reducidas/1120/CE/idx_0297.png,1120,1098,1057410,7a2429f68e62f02e122d01812af11d649b5d18e1f7649e52c16d0a0fb05dd301
5f520a_1,4,5f520a,1,CE,datos/reducidas/1120/CE/idx_0298.png,1120,1055,1773481,9c680baff7abd44f6e5f4f9854f73aa05e534606bc795278066edf5457cbfafa
5f5dc0_0,4,5f5dc0,0,CE,datos/reducidas/1120/CE/idx_0299.png,1120,1446,1292520,bf799b65e2dc91d23de5e2dd8c06c42ddd25bfb8e2bda9ac698d0d14fe452e5f
5fde88_0,11,5fde88,0,LAA,datos/reducidas/1120/LAA/idx_0300.png,1120,5151,1525674,19c3992f0bbfd4abb2443b72e292c411c65e0d4b85226edecbb5b888cdc8a745
5fdff2_0,3,5fdff2,0,LAA,datos/reducidas/1120/LAA/idx_0301.png,1120,2396,502100,71367ce5610eabc3999e9c7af4dea4b1595df27c9a6a6de3db654e0ca79d61c6
6015f7_0,3,6015f7,0,LAA,datos/reducidas/1120/LAA/idx_0302.png,1120,1914,1070312,2556ed67c3b8dd1b96183bbd85bd967ea58c144879290367c39ac11189292241
60a950_0,7,60a950,0,CE,datos/reducidas/1120/CE/idx_0303.png,1120,2388,1061859,f74cb13ec84e8fa17a5706dd3f0f23d5968a18aee3830bf40aa8b2fc96f400de
611a50_0,11,611a50,0,LAA,datos/reducidas/1120/LAA/idx_0304.png,1120,3004,1346530,114276d27b17dc19e4019c04e2f6ecaeecd8d4e7434bf0b90542eb0a0343d8b1
615d87_0,4,615d87,0,CE,datos/reducidas/1120/CE/idx_0305.png,1120,1204,607417,2df18db9808d8a8045d54d5eb66f63dba78f29c41784832bb54116abf0c85e78
616c62_0,2,616c62,0,CE,datos/reducidas/1120/CE/idx_0306.png,1120,2676,748753,a43e0064425e7e812ae89459c01f02f619d2b98ada4767d4ec7efd53a7fa04b8
616c62_1,2,616c62,1,CE,datos/reducidas/1120/CE/idx_0307.png,1120,2125,1203141,8ef0585d2eae32a364923acead8b0e4db74d539bc0246d628f8777ae534a88ec
623f89_0,11,623f89,0,CE,datos/reducidas/1120/CE/idx_0308.png,1120,4360,5356822,47b0dcba538268eaacdf7fd3f08b029a07324f8f3ea71a1e3471b2b85e3c51e7
62dd90_0,9,62dd90,0,CE,datos/reducidas/1120/CE/idx_0309.png,1120,5418,2350632,f2cf3608c398dc158735f6c2014b48287d52a911b3f32b48468f61ae9cb9785f
634e2f_0,11,634e2f,0,CE,datos/reducidas/1120/CE/idx_0310.png,1120,2763,3557740,356072d4eca74c81faece7c1c73e7a4b26586d2de95ee83d9742efb6f027ef9a
63f341_0,11,63f341,0,CE,datos/reducidas/1120/CE/idx_0311.png,1120,2756,2370885,30892ffaa72cf16a4175789ac5299ea84bc0bf9375cf2c9e6dd7c913890abef7
64d167_0,4,64d167,0,CE,datos/reducidas/1120/CE/idx_0312.png,1120,1657,1919484,1d7351b3c50e5aa25262ef92ba2ade40b0bbb52b9c5396a6200c2a344b97e963
652471_0,6,652471,0,CE,datos/reducidas/1120/CE/idx_0313.png,1120,2416,1070669,09da5a8c0c0c2db9dea6e4833084852d8184f1beb7a90ba4920a7bd245d4bee1
6569ba_0,11,6569ba,0,LAA,datos/reducidas/1120/LAA/idx_0314.png,1120,1034,294907,52f33b1b44b6c9a89e6dc60cfdb4d9b98a754b3644bc9469cc0f303815243553
658beb_0,4,658beb,0,CE,datos/reducidas/1120/CE/idx_0315.png,1120,1372,413472,47c3629cc5f8c808a2cf37e7a0adafe7d6542c99c022da725580fe1af887e3e6
658beb_1,4,658beb,1,CE,datos/reducidas/1120/CE/idx_0316.png,1120,1026,437148,9ae4a9e80bdf008d3feed200a75d50730892c1f4052e570a61fb909cba8c3f3a
65aadd_0,11,65aadd,0,CE,datos/reducidas/1120/CE/idx_0317.png,1120,1878,1085493,af595b0a454be6372dc3da9a89d52d430c99d3d239d2bc4ce7adb182028c2477
65d1b4_0,11,65d1b4,0,CE,datos/reducidas/1120/CE/idx_0318.png,1120,2663,1310759,67489a19971ad85eb400c37b620b5a1fcfaae3298dd6d31946b8a889fef1db6b
65fe16_0,7,65fe16,0,LAA,datos/reducidas/1120/LAA/idx_0319.png,1120,1555,163941,1b9a9fa3d7e515051afb022ec7500cd4c368b0cc3bb575b7a74a314f25afb64a
6670b9_0,11,6670b9,0,LAA,datos/reducidas/1120/LAA/idx_0320.png,1120,3772,3443810,9fd76ff05da16407bdd4af9e2c1b66627e430c6041fbb6dc245c13f78cd212d3
6674a4_0,11,6674a4,0,LAA,datos/reducidas/1120/LAA/idx_0321.png,1120,2746,1142397,8a623a798f02c7398a3192b2757f610428551b80386000b15aceb4e69aedd7fe
673181_0,5,673181,0,CE,datos/reducidas/1120/CE/idx_0322.png,1120,2113,588281,468c264fff7288e24964d392ef73d8b73bd45f57cf066a93731e3261a5b14a4e
6747be_0,5,6747be,0,CE,datos/reducidas/1120/CE/idx_0323.png,1120,2020,486017,8e4f581cbe93be78762861263fa36eb40a3363f4b311f9d269698683ee3cdab4
6747be_1,5,6747be,1,CE,datos/reducidas/1120/CE/idx_0324.png,1120,2384,1099720,792b74ea63c6cfa206f917f3f68dfc3681a408cdf174892c3907c1f549169e2a
68eb0e_0,7,68eb0e,0,CE,datos/reducidas/1120/CE/idx_0325.png,1120,3474,2591552,380c156167f2891af5dbab7d94b3aa1d0e29a114e9537befa1e6925ce085d67a
690b81_0,11,690b81,0,CE,datos/reducidas/1120/CE/idx_0326.png,1120,2044,1423572,dfdf55a3a4c40db0cffd4398fbaa2283a18c454ac8502d9985a0a495f959c884
69450f_0,4,69450f,0,CE,datos/reducidas/1120/CE/idx_0327.png,1120,1876,523553,ad749408be1be9542e20092fdb5efb15a796b8e1cc8965f8550d93f217567bbb
69d655_0,7,69d655,0,LAA,datos/reducidas/1120/LAA/idx_0328.png,1120,2828,800580,57d0220ad0b34514c7c0ec40b34490b53ac0e4781f02d75c5d9e1c6c20c86527
6baf51_0,11,6baf51,0,LAA,datos/reducidas/1120/LAA/idx_0329.png,1100,2350,1951997,b6b1142eb90dd50deb034abbafa11b3639c86de1c3e415c4f3aa8aa6337eb233
6baf51_1,11,6baf51,1,LAA,datos/reducidas/1120/LAA/idx_0330.png,1120,935,1061592,37bc26265c21f822fa1e42cd94bffcaee64000b7df6a79205569f8caf5b3b0d3
6c4b62_0,3,6c4b62,0,LAA,datos/reducidas/1120/LAA/idx_0331.png,1120,3540,1122735,aca839b771904d52bffcf9d07f65da6d1eb3d7a194775702ef16821bdcc8b732
6ce894_0,11,6ce894,0,CE,datos/reducidas/1120/CE/idx_0332.png,1120,3330,1124390,f301d02508b8f45777796de97210bbda66c87affcb5a932e3ac706a638ef4706
6e08cb_0,4,6e08cb,0,LAA,datos/reducidas/1120/LAA/idx_0333.png,1120,1186,622574,692971893298f73d9c4827cdfa9086dfc5d41ec936f52f0a3cd6d67a6dd4d76e
6e211d_0,1,6e211d,0,CE,datos/reducidas/1120/CE/idx_0334.png,1120,2675,1148081,94db0457c46c7b155a4989b0f047e40c1c3f2ae366e96c7df528a0a13462c268
6e6d49_0,5,6e6d49,0,CE,datos/reducidas/1120/CE/idx_0335.png,1120,4040,1784167,c51194028f5abad272c7d864bc48ab7e867e8821c102bcce8a3ba5aa03bf056f
6f6e0c_0,4,6f6e0c,0,LAA,datos/reducidas/1120/LAA/idx_0336.png,1120,1045,642662,02e2f3e6dc113def97aa29a9ece2aa0e8ff2d5a59789bb669790afc23725744d
6f9575_0,11,6f9575,0,CE,datos/reducidas/1120/CE/idx_0337.png,1120,2542,376043,ef68d9442ec375d09f8508814bc23659e172c3425fab10c3d7105e98ab10d886
6fac27_0,4,6fac27,0,LAA,datos/reducidas/1120/LAA/idx_0338.png,1120,3953,2040724,d3adaddab9203a10cd53292d3d071c10f55da8123c8a0763be072d3b16c50dc5
6fce60_0,11,6fce60,0,LAA,datos/reducidas/1120/LAA/idx_0339.png,1120,2211,3486067,769b1393ce6e2b9b7d580a7e206c8f4ba9c26d182f3952f32ce98d5cdbb0547d
6fe1f2_0,7,6fe1f2,0,CE,datos/reducidas/1120/CE/idx_0340.png,1120,2705,714581,69f9132c4b70face7fc4a45ab64308c9bdf3b2456b21711990b21b6cf6a1bec1
709b79_0,11,709b79,0,CE,datos/reducidas/1120/CE/idx_0341.png,1120,1665,489757,2fef07747316a305411cf1630a7ca645058507ad3775c26f7ee9eb66dfce3aeb
70c523_0,7,70c523,0,LAA,datos/reducidas/1120/LAA/idx_0342.png,1120,935,814983,5bf8890e6490bc9017da7218a3472b9fe4532fe24770d2a1ad8bca09a49d72d2
70c523_1,7,70c523,1,LAA,datos/reducidas/1120/LAA/idx_0343.png,1120,4376,759441,42e3d4040fb0b61d9060fcf45605f58f576ec70a81fdafefc0e578f2658c049d
70c523_2,7,70c523,2,LAA,datos/reducidas/1120/LAA/idx_0344.png,1120,1796,686716,da8a5c315d9a78b4e32df27b050a2609292939c5b0e53ef71a1e0419c7a6e563
70f515_0,11,70f515,0,CE,datos/reducidas/1120/CE/idx_0345.png,1120,963,960729,cf2190d9a261a4449196adcc9524f26fd45db245e28442e57c69ae742ea61125
719165_0,11,719165,0,CE,datos/reducidas/1120/CE/idx_0346.png,1120,2469,1614579,d21ea609a568788a460495b96505748042d888b87c392d7e0c8b4dab89adab4a
72df9e_0,5,72df9e,0,CE,datos/reducidas/1120/CE/idx_0347.png,1120,2904,1761968,94c5329ce0c0ccddc670109dbbd85b0621e239f356f09e7ab21db677baf727c2
72df9e_1,5,72df9e,1,CE,datos/reducidas/1120/CE/idx_0348.png,1120,2015,535708,9bf40769fec3cd51b110c7a96df5a3f207b5e791d8d79ba0f6bcf5fb8767fdb3
72ead5_0,3,72ead5,0,LAA,datos/reducidas/1120/LAA/idx_0349.png,1120,2193,1438449,36e551ec410a060695965531c5a0e9c3e4254b05c3b908bd189173196273cce1
73c9a4_0,4,73c9a4,0,LAA,datos/reducidas/1120/LAA/idx_0350.png,1120,5111,3151159,7fc264452d7e7a036edfec48a8e99340c8506bf0ead3406321b393230093005e
7428fc_0,11,7428fc,0,CE,datos/reducidas/1120/CE/idx_0351.png,1120,1687,486599,181166316fa7e8133a4669e6598dae482a40c85810165d32fcf4a01c98ccc1fe
75e090_0,4,75e090,0,CE,datos/reducidas/1120/CE/idx_0352.png,1120,1444,1239481,274603a7bd6bb26b1409903124d7519b4040cccdcdceaaec61743cc711d6e260
75ee44_0,1,75ee44,0,LAA,datos/reducidas/1120/LAA/idx_0353.png,1120,2531,1064445,0b1b49ec43717767001d8c6a77064e88320fa9edfb215185c2e600ddcc89c9ff
7633ea_0,11,7633ea,0,CE,datos/reducidas/1120/CE/idx_0354.png,1120,5245,327882,ed0ecabf216f7f776e915e10fedb32743510782ec9fd48caa639f9b364af1f32
777311_0,5,777311,0,CE,datos/reducidas/1120/CE/idx_0355.png,1120,2311,1565857,ae54bde711e0085e406eb64e190169c33a7e673e358953b26c61a51fc6cdd299
777311_1,5,777311,1,CE,datos/reducidas/1120/CE/idx_0356.png,1120,3195,1341382,f0275678ceeccb6c9e0654db087f991803b72d734d9487ae680a9ab559b55490
78c1c9_0,4,78c1c9,0,CE,datos/reducidas/1120/CE/idx_0357.png,1120,1499,1058958,cc39f04393da6c87d90e086faad3c2a481e89293dc796be050c1e994122c1dfc
79753f_0,4,79753f,0,CE,datos/reducidas/1120/CE/idx_0358.png,1120,982,608946,9980750ba17ccdac23ff390802ff1e440182efd7c8127c8c55ced3d543e2ac72
79ae8d_0,4,79ae8d,0,CE,datos/reducidas/1120/CE/idx_0359.png,1120,1709,2660202,a1319ae72e9a070343de790f08c2c78d1393dd8f210036a99c7b50bf807f8d5c
79ae8d_1,4,79ae8d,1,CE,datos/reducidas/1120/CE/idx_0360.png,1120,1575,1566522,e9f6c82c295d41ccfbcf527ea93f0a92fd68c2dfe4149e799888e274d9fb60e2
79d1c1_0,10,79d1c1,0,CE,datos/reducidas/1120/CE/idx_0361.png,1120,5376,1837107,bf628f5b910a21181ea4da1198ef12b41dee0726d07c4ae24fd9e37786bf7ba0
79d1c1_1,10,79d1c1,1,CE,datos/reducidas/1120/CE/idx_0362.png,1120,3506,734523,c8d48ccab9e8fad7116069a1014005afda653b291f9383188fc154c07d58c2fe
79d52a_0,11,79d52a,0,LAA,datos/reducidas/1120/LAA/idx_0363.png,1120,1676,503600,644bd193b638bdab79f11b1619f68af7847f65e018c0ff75fb57a8f849c2b83d
79d52a_1,11,79d52a,1,LAA,datos/reducidas/1120/LAA/idx_0364.png,1120,5825,7213081,55d67adb5341a5dafe80890655ef79c2e5e64481fc95ee9e75cdf2b4501e44f9
79e30d_0,11,79e30d,0,CE,datos/reducidas/1120/CE/idx_0365.png,1120,2410,1678855,d3b564dcf7ed1bfe2480b1445a7a8af60802ff62f52166be5764e6a2c0645e27
7a9bc8_0,3,7a9bc8,0,LAA,datos/reducidas/1120/LAA/idx_0366.png,1120,2827,919303,ff07232a5522030ca29556a54068923a69f22035054f172265e68e07aa539162
7b9aaa_0,11,7b9aaa,0,CE,datos/reducidas/1120/CE/idx_0367.png,1120,2688,765509,32916e399c7905a342a9d85a91c864d9148dd6c20cd3644325cc13ba37412dcc
7bc484_0,7,7bc484,0,LAA,datos/reducidas/1120/LAA/idx_0368.png,1120,2495,1664688,ce48b9c9244347eae0c9f30a09f2a02d8eed0a2403d2633bda1c0b8744ab95c5
7c2739_0,11,7c2739,0,CE,datos/reducidas/1120/CE/idx_0369.png,1120,2192,1165388,8aac988c5ada84556b0dd3a81152cef2b6c3544e813bb746084b4ce098b421dc
7cf058_0,5,7cf058,0,CE,datos/reducidas/1120/CE/idx_0370.png,1120,2399,972809,3a5993e3b234e7cfae1ec05411d908697a39c68207f2c5df73f7a056450ea10c
7dd82f_0,7,7dd82f,0,LAA,datos/reducidas/1120/LAA/idx_0371.png,1120,2031,632214,3762222ad884be23fa745f96e879311428af4bcff46b9c6dffdb948bbe99fb51
7dd82f_1,7,7dd82f,1,LAA,datos/reducidas/1120/LAA/idx_0372.png,1120,3086,1598711,67b6876e9125bb5c9b15703d68599638d5cbbd2690606b65518dc0c352197716
7e9a65_0,11,7e9a65,0,CE,datos/reducidas/1120/CE/idx_0373.png,1120,2289,760606,ca3ecced03305c30645e7726e81075501fd4d77d9d05012af32404254a23cbc9
7f2ee2_0,11,7f2ee2,0,CE,datos/reducidas/1120/CE/idx_0374.png,1120,2878,3209584,fdf80df1d06fa7140b9cbe77864853986a8503a614199e6d42818e5238bc46bf
7f343b_0,11,7f343b,0,CE,datos/reducidas/1120/CE/idx_0375.png,1120,3834,1986434,9b5ec4b828f03b2569821bda46331a64ae789b63ccb087fe2112428c34564794
7f3781_0,11,7f3781,0,CE,datos/reducidas/1120/CE/idx_0376.png,1120,2150,894680,4e803c083c4acc6080aa598ccfcf85970fa878e09db717bbc6a575f4d76d8e5a
7fa91f_0,4,7fa91f,0,CE,datos/reducidas/1120/CE/idx_0377.png,1120,1876,807245,8a902a89ee04603c101f9f7ee19ac7cd2308b980b7853126f5a0e4f14806af12
7fa91f_1,4,7fa91f,1,CE,datos/reducidas/1120/CE/idx_0378.png,1120,1468,1915393,5000527ae3f2f86dc2a4a40cdcb9de664719ecea77a135360679536403b56dab
7fd9f4_0,7,7fd9f4,0,CE,datos/reducidas/1120/CE/idx_0379.png,1120,1878,1381039,09a214c7a23f7712a5ad093f0b4c71bb6a07a0d0e81ee26f377a5a1ba3d8b7d3
802de5_0,11,802de5,0,CE,datos/reducidas/1120/CE/idx_0380.png,1120,4292,1544185,1ff26588a9e333500af6b143bbaa2c893e16e697311920a77f672c48e66018f6
804f15_0,1,804f15,0,CE,datos/reducidas/1120/CE/idx_0381.png,1120,1877,1003398,ebbd35b4333e67c77598940ac597780f1744fbf58db9da3357f4aece6c72f44b
80cc1b_0,11,80cc1b,0,CE,datos/reducidas/1120/CE/idx_0382.png,1120,3899,1827987,80b5f0f0dd678f38a3bd6c4bffa75a2a16b1f5950acd47d1356f4e3efff3c7d6
81092a_0,11,81092a,0,CE,datos/reducidas/1120/CE/idx_0383.png,1120,1839,538737,2e63db4df327c3b23036f7d179442c75867bba66ae18dd09dd9658ccd9f3dad3
81eb29_0,1,81eb29,0,CE,datos/reducidas/1120/CE/idx_0384.png,1120,6017,5125378,b21a6cf4e0d09ddadd808f6cf7cfa92fdd0859fcb75a054622eb079245ebbc3a
820c9f_0,9,820c9f,0,CE,datos/reducidas/1120/CE/idx_0385.png,1120,1753,1122856,8db59e0ffba32d69f692734d6d8e98cad9af2224b7a6273649d2c8e8556d58c2
821964_0,5,821964,0,LAA,datos/reducidas/1120/LAA/idx_0386.png,1120,3778,2399569,48de853eeb7d00ea75daf2b9814a0e2f4048f226115120c4cc51a179c3cd3efc
82399d_0,7,82399d,0,CE,datos/reducidas/1120/CE/idx_0387.png,1120,5001,375654,d14033eb737b06f8cd06b27177385d4d82a791bf9576dbddb2f1668e5d1f766b
82399d_1,7,82399d,1,CE,datos/reducidas/1120/CE/idx_0388.png,1120,2828,1292273,07a3d9910d9dbf8eb88d37181f6f0a57852890cb4a5af0796ac66ac1804850fc
82399d_2,7,82399d,2,CE,datos/reducidas/1120/CE/idx_0389.png,1120,3645,1530986,bb4a6ef33006a6f97a8b7262cca0fbe371593eb522d686c389892122157641ca
82653f_0,6,82653f,0,CE,datos/reducidas/1120/CE/idx_0390.png,1120,3786,2859302,a8cf0b5e3d33f4f46fa6ba132f34b04631d72e92dad0ac691e88d91ed89cebc7
827928_0,5,827928,0,CE,datos/reducidas/1120/CE/idx_0391.png,1120,1816,913177,5a90cba43652eb1713ba67a611f148553a7ebd5de672d5456eb69d21bf65b279
827928_1,5,827928,1,CE,datos/reducidas/1120/CE/idx_0392.png,1120,2353,1505495,30dad48f4c71f209e67c46562884abddf4d41974c57d2f599477e33325afb2b6
83198b_0,9,83198b,0,CE,datos/reducidas/1120/CE/idx_0393.png,1120,2231,1147850,321bd3649f157580cd83b6d0dc053ae27594cfa35ae3ec74d26816c20babfa3f
83ae16_0,4,83ae16,0,CE,datos/reducidas/1120/CE/idx_0394.png,1120,9336,2715615,b761ecfedb692ea13ae855bbf16f764fc4eb5bc067479b987621e80559a721d2
83bfad_0,2,83bfad,0,CE,datos/reducidas/1120/CE/idx_0395.png,1120,3164,693452,6b249705332ab1d95d310de77ea11bb8d01bda4874d33659d4948e16c3a931e3
83cedb_0,11,83cedb,0,CE,datos/reducidas/1120/CE/idx_0396.png,1120,2908,4834173,047e9e30ad68d04c2d0151783e25cb59d69f8b5c76e395c57f38d70569c6cb13
8408a6_0,4,8408a6,0,CE,datos/reducidas/1120/CE/idx_0397.png,1120,1285,1304542,bb6c8233fe10a82300e96aead52965504ebfd7221c92064c0d64f5b47099decb
845d82_0,11,845d82,0,LAA,datos/reducidas/1120/LAA/idx_0398.png,1120,2295,1417136,281545680937d27d22202bc7c82b6e48b5e68343afebdd9f2460e32f959a7af6
84f77e_0,8,84f77e,0,CE,datos/reducidas/1120/CE/idx_0399.png,1120,1978,151470,9be9f8b2d71b7fad4880349672cf03f466f8c6e91c048d6a883ca30d43ed78cd
856ae6_0,11,856ae6,0,CE,datos/reducidas/1120/CE/idx_0400.png,1120,2346,346895,9e7ce2824090fb5ad05051bb802bdd710948306f7641695f4eab5c107ce9c748
85868f_0,11,85868f,0,CE,datos/reducidas/1120/CE/idx_0401.png,1120,908,146412,f1b58aa2e2561780ddd3246a07057a35ff2846dcb7d4210b22550ab55a1351fa
862501_0,7,862501,0,LAA,datos/reducidas/1120/LAA/idx_0402.png,1120,3028,1138230,87ac75513ae8d1d3a9ba9c709320f996fe8442e7184e747fa792ded90e9caea8
862501_1,7,862501,1,LAA,datos/reducidas/1120/LAA/idx_0403.png,1120,4466,1482991,b7701483d0d4026130da71f4dce3de8d0f9cf1916ca43cdbb94249a1966d0e82
86696d_0,10,86696d,0,CE,datos/reducidas/1120/CE/idx_0404.png,1120,2265,1429775,a3af5e1c26f0ad7cc4246752951a2245c70999935519e9695b1858f7e35f0b3b
868720_0,11,868720,0,CE,datos/reducidas/1120/CE/idx_0405.png,1120,1800,1373328,0c6fbfab6d1aaf5f698d9d8a10689899f2c2fe38dbd27d86a39391975863692f
86e319_0,7,86e319,0,CE,datos/reducidas/1120/CE/idx_0406.png,1120,1953,261440,dcd2b562115c440632d6a139f228c626b84056ea1de907d8da9ddae13c38a18b
86e319_1,7,86e319,1,CE,datos/reducidas/1120/CE/idx_0407.png,1120,2442,871379,886d4c8a1386f5dfbc006cb826e1dc4f2a477b65a8011d950911fdc41a3f0c99
86e319_2,7,86e319,2,CE,datos/reducidas/1120/CE/idx_0408.png,1120,1953,225797,ef4b72720d40527e728f1b5c604badec2ddfce990181bac92d3434b0dfbbfd1c
8768db_0,2,8768db,0,CE,datos/reducidas/1120/CE/idx_0409.png,1120,2992,386026,f8a62bb48122820acf49a819b672920f08598e3455f8b9df18e833cc4d2b9a8b
8781e2_0,3,8781e2,0,CE,datos/reducidas/1120/CE/idx_0410.png,1120,2508,809380,91037e3824aff68e5100849b90717701732d93d812286c39db64a6f36a5d09f4
880f54_0,11,880f54,0,CE,datos/reducidas/1120/CE/idx_0411.png,1120,2426,1296819,f689853c3e027f16022b1ba666b8be2821608f2e15ae19d2245d32f5cfbfbde5
88623d_0,11,88623d,0,CE,datos/reducidas/1120/CE/idx_0412.png,1120,2291,698116,f6ff2303c78831aa0bf918f5588eafd687c5911d8c792d804c0c4534ccc5a1f8
89933b_0,11,89933b,0,LAA,datos/reducidas/1120/LAA/idx_0413.png,1120,2312,817824,ceced963430666309a9411788c824b52a721f9c42730031b00cd6204a7877c74
8a17b7_0,11,8a17b7,0,LAA,datos/reducidas/1120/LAA/idx_0414.png,1120,3426,918837,bbb2835ab99dc507326587cabf096a7e40a05285e23bf52bbe77f4939168c68e
8b3323_0,7,8b3323,0,CE,datos/reducidas/1120/CE/idx_0415.png,1120,3743,1603111,1eb00c6077cb91c3f1f1d05452c203c3bea4266487aa59045cec64ad50bbe056
8b90fa_0,11,8b90fa,0,CE,datos/reducidas/1120/CE/idx_0416.png,1120,3444,1331152,3e065156828e703e4d1612748e7bb35446ff86ec3ca7ae809ecae9c446928830
8be762_0,11,8be762,0,CE,datos/reducidas/1120/CE/idx_0417.png,1120,2116,581188,77aff3edf4f1244af444aef84d18e2556782dafda7695cc88249d2ce5a54d857
8c24eb_0,11,8c24eb,0,CE,datos/reducidas/1120/CE/idx_0418.png,1120,5422,1346861,9dba345627aafcef5453c3f29282806914e52c7fb18f6a7a9c1f7a427c5935e2
8cf32b_0,4,8cf32b,0,LAA,datos/reducidas/1120/LAA/idx_0419.png,1120,1681,1324511,5b5a529cdf94484edacd1a46abf0e35f498d0c69091ae840a526a7e8968a625c
8d60c1_0,9,8d60c1,0,CE,datos/reducidas/1120/CE/idx_0420.png,1120,2194,1230517,3cc0d89b726c80e12ceb7a1e4ecce8aeba239285a0a84cf8f43f107e2c23b06b
8e0244_0,4,8e0244,0,LAA,datos/reducidas/1120/LAA/idx_0421.png,1120,1287,1082506,1d1c812b58efda96c44d3010d77ee8c55124737a374a4da8ce77caa16ca6183e
8e0684_0,4,8e0684,0,CE,datos/reducidas/1120/CE/idx_0422.png,1120,1169,915262,569ab3cd3e72d0295e09676ed4a1bd1a0606c95c8a066b0a122451a783ef7e57
8ebb0c_0,1,8ebb0c,0,CE,datos/reducidas/1120/CE/idx_0423.png,1120,2403,1458753,fe47833529ff897b58872070fadaf918b2b6013d779709779bd5b101f2d38d95
8f71df_0,7,8f71df,0,LAA,datos/reducidas/1120/LAA/idx_0424.png,1120,1958,974901,6f5facca133d2355802c87c61a76adad26d7fa37780261b082aa4966b78b59bb
8fa951_0,4,8fa951,0,CE,datos/reducidas/1120/CE/idx_0425.png,1120,1151,1010811,82fabb37e026dd88f5b6b4ee18bf9e77b41eb32405984c30f8c203a3297f6f42
8fc6d5_0,6,8fc6d5,0,CE,datos/reducidas/1120/CE/idx_0426.png,1120,1571,2370563,848abba56d5be307fb67fb6c661cd4e68b8bd44ec40d1e6e2ed659f03bac91f5
8fe2eb_0,1,8fe2eb,0,CE,datos/reducidas/1120/CE/idx_0427.png,1120,1921,980742,3f5ffaffa6612889a06b407a341369a617d4d20901c72e0273a0dc24c5fabc1e
9010a1_0,11,9010a1,0,LAA,datos/reducidas/1120/LAA/idx_0428.png,1120,2937,1208821,2b80eb7af7a3e897a144c5e48e88e4bce3979d7bcd5af4b424a446d38d3e78eb
907f7b_0,10,907f7b,0,CE,datos/reducidas/1120/CE/idx_0429.png,1120,2765,2251081,dd6af38a56842cea7ec2e0f05387eeaf7adcf39abf330d5e7b807087885f0fcf
90ffa4_0,7,90ffa4,0,CE,datos/reducidas/1120/CE/idx_0430.png,1120,1991,578826,196e5358ede580da22776f735c9368581f20d9f1b6f5381acd9e645c6b148bce
90ffa4_1,7,90ffa4,1,CE,datos/reducidas/1120/CE/idx_0431.png,1120,2192,362249,757abe39f4bf2a3bd2e0bfcb0d69a694376883e87d7c08df0762cb51c8aaa533
915264_0,3,915264,0,LAA,datos/reducidas/1120/LAA/idx_0432.png,1120,3357,1262130,521729bf06deee33781d81e344dd2709646898e294af495850b71d39bbf67874
91b9d3_0,3,91b9d3,0,LAA,datos/reducidas/1120/LAA/idx_0433.png,1120,3095,564288,1284699e52421aaab662e862265eb6b52b2d9f5dddff7785279d4cf8b1792480
91b9d3_1,3,91b9d3,1,LAA,datos/reducidas/1120/LAA/idx_0434.png,1120,3965,736724,4c9fad2dcfd06aa2585442ea7e155bce9bfce8fec15dded7ceaede20b1f9a49c
91b9d3_2,3,91b9d3,2,LAA,datos/reducidas/1120/LAA/idx_0435.png,1120,2184,482349,23a62f8c65540f6574f06de118511161ff0d010fdc4f85e6611eaf6ba5d09135
91b9d3_3,3,91b9d3,3,LAA,datos/reducidas/1120/LAA/idx_0436.png,1120,2069,922256,273f6178604120f741cdd7471a20af3a389b3b04fafe6914750188c91b77c232
91b9d3_4,3,91b9d3,4,LAA,datos/reducidas/1120/LAA/idx_0437.png,1120,935,580620,95130bd2d137149442b08a6ee4423b6b84a12ecc7531ff3d14a189bc80bf67ac
91fee7_0,8,91fee7,0,CE,datos/reducidas/1120/CE/idx_0438.png,1120,1672,212999,562da19e7bdc98199f3e9f4f0e3c7d7a91b65a6e3f95a42cb8d511a6292c56b2
931cea_0,4,931cea,0,CE,datos/reducidas/1120/CE/idx_0439.png,1120,1091,1028761,9677616a9710d6640ec4aee5c2b4b492e72a746c3bbc21e0e205c32b7a83d8ef
931cea_1,4,931cea,1,CE,datos/reducidas/1120/CE/idx_0440.png,1120,1309,1086373,47542e315dc4dc5dff37f3d3a04466b447911959390bc3f0bc112426c88b6131
9452da_0,4,9452da,0,LAA,datos/reducidas/1120/LAA/idx_0441.png,1120,3218,1929690,0027b5a9123d16d93a993c21396594b91c3d4d59deaceb354e12a068b9f04de5
949107_0,1,949107,0,CE,datos/reducidas/1120/CE/idx_0442.png,1120,3059,2369358,9d230b4c0610e095e9795f58e1433aae471bdba7d1370be2b88ab3b729af0a1f
957643_0,11,957643,0,CE,datos/reducidas/1120/CE/idx_0443.png,1120,3662,1710122,3e8e4f6fe249f76ca3678c4d4fe956b5e54288e9c010c0047421fd1f62a79bc0
977a49_0,1,977a49,0,CE,datos/reducidas/1120/CE/idx_0444.png,1120,1552,805376,e155ad83aa008c24898d144ee5071041e1f67ebee59d6ceb7e5bf538f90416cf
98123e_0,11,98123e,0,CE,datos/reducidas/1120/CE/idx_0445.png,1120,2733,1189421,94fbaf6e85dcd208b0e59a556b3d1edf4fcafffc48891050a708402bf24d5263
983df1_0,2,983df1,0,CE,datos/reducidas/1120/CE/idx_0446.png,1120,1082,366839,6444a04d55175951de3cad8b91d374706d5cb41c9efa55b9f4220c0790114ecd
9874eb_0,1,9874eb,0,CE,datos/reducidas/1120/CE/idx_0447.png,1120,4119,1713799,9056d89725aa207c1752a25fb04219254553302a7c59c88e4ab565f78afba81d
988131_0,11,988131,0,LAA,datos/reducidas/1120/LAA/idx_0448.png,1120,1736,510060,a523e2c9137b6de68f5fe6bbdd12afd066a6053b146ab5caf66337fbfc64f2ff
98db2b_0,4,98db2b,0,CE,datos/reducidas/1120/CE/idx_0449.png,1120,2054,1102600,fd9e01f07a5a06de372f05a3a3a75e55dd60d4059ac7fe6ccc38e7d5eb9005a2
991ad1_0,7,991ad1,0,CE,datos/reducidas/1120/CE/idx_0450.png,1120,2832,200770,2c8c9f6651f460e55d65324a38624878d59538971bd4c683bc56f9a660d1d659
992abf_0,11,992abf,0,CE,datos/reducidas/1120/CE/idx_0451.png,1120,3859,4049262,abcd684ac33116682aa1bfe1bb23227f89a473e944fc7c5ac8aa24a2ae5a9ce7
9961af_0,11,9961af,0,LAA,datos/reducidas/1120/LAA/idx_0452.png,1120,3385,1337392,9f9374eafa64b5733da1a70adb5e7cab52b4014a05be8eab226c4a671b11ce37
99c5c8_0,1,99c5c8,0,CE,datos/reducidas/1120/CE/idx_0453.png,1120,2140,1190144,ba152487738f109c20326e3d28200846f8e052fb91fe57eed957297b81ba73e9
9a807e_0,7,9a807e,0,CE,datos/reducidas/1120/CE/idx_0454.png,1120,3648,711285,6b3808b9745200020a1c9af6fb2b62ab4ef909817454ec0e7c412f0089f70a07
9cc010_0,7,9cc010,0,CE,datos/reducidas/1120/CE/idx_0455.png,1120,3674,2577217,e97f62496f0cffed1a1477ba318d6672d5110fda4cbd6a6b2252fcca305e7cb5
9d609a_0,10,9d609a,0,CE,datos/reducidas/1120/CE/idx_0456.png,1120,2750,1470045,13e610948363a142d0a31876cf0c882545ca98db0a6a237389eddee15996cc2c
9d71ef_0,8,9d71ef,0,CE,datos/reducidas/1120/CE/idx_0457.png,1120,2934,955001,867084afc4226dacc15c64b7dd22169f7fc01b7db1a042dd3d782387a625a9e9
9dd7d8_0,11,9dd7d8,0,CE,datos/reducidas/1120/CE/idx_0458.png,1120,2135,798932,7021dfa8a3ef6cf189f0e777b69f1b8f53bc618dac1adc9451dea52c80303fde
9de0fa_0,5,9de0fa,0,CE,datos/reducidas/1120/CE/idx_0459.png,1120,3448,2193620,27b8a57e0cf8e5419b8beb6d9ffd3af52cc8334934e0b96259e7d22fe47de669
9e06cb_0,10,9e06cb,0,LAA,datos/reducidas/1120/LAA/idx_0460.png,1120,2148,427291,7e378c79fff674f091d6c4d18e51fff2187045591062e95ff170cf074fd19dcb
9eda1d_0,5,9eda1d,0,LAA,datos/reducidas/1120/LAA/idx_0461.png,1120,3524,1041446,914acfe61c0053418dada2b8aac2127abc157627feda2a71a493645c65756c10
9ee0e2_0,4,9ee0e2,0,LAA,datos/reducidas/1120/LAA/idx_0462.png,1120,1185,1097788,153c10c99074c58c613744f610bb0455975ef9db54c65451a34d408ae58d7add
9efc03_0,11,9efc03,0,CE,datos/reducidas/1120/CE/idx_0463.png,1120,2281,1094935,59e60be65a652d837aed0cb003f7eb80773d3287e8033927043d11c9a30f0424
9f0f05_0,11,9f0f05,0,CE,datos/reducidas/1120/CE/idx_0464.png,1120,2889,1535152,8842ececcde0f5598377df73a2b227ff5f84d8e8571d3641b16cdaa591ba3ed1
9f305c_0,4,9f305c,0,CE,datos/reducidas/1120/CE/idx_0465.png,1120,1013,799126,cf9bd541e25574531bddc3b29aa1f2e1215090acadd67bceb06c75c93db35574
9f7649_0,3,9f7649,0,LAA,datos/reducidas/1120/LAA/idx_0466.png,1120,5084,1580622,b12b6a20acda21345dbb29c28c5cad82cf76b3147d9593958aa015a298d8a79c
9f7649_1,3,9f7649,1,LAA,datos/reducidas/1120/LAA/idx_0467.png,1120,4815,1679293,47702b4cc8332a1cd14555c6e019fb33e29de508b90e692f3b9f95268d5c5fb4
9f84c0_0,11,9f84c0,0,CE,datos/reducidas/1120/CE/idx_0468.png,1120,1473,479929,e3c17a3cd1454ecca439d26efcadd908a9c22b047114c6d2e3a9ccbc70e7c0e3
9fa03a_0,2,9fa03a,0,CE,datos/reducidas/1120/CE/idx_0469.png,1120,3707,1143221,73b740c23e66a765679aeb91255de1fdc1ff244ccd85ef017d5b338d0b2cf932
9fc787_0,11,9fc787,0,CE,datos/reducidas/1120/CE/idx_0470.png,1120,3020,1314119,f05acdbf5781a5474527dd3e931e50a07d5bf8885b29e56da7c5d032477c8402
9fd56b_0,3,9fd56b,0,CE,datos/reducidas/1120/CE/idx_0471.png,1120,2793,440025,893b89c523cb5091efdf2ec713c22affadfa416d7e78a44564d7e55b7129d79c
9fdc31_0,1,9fdc31,0,CE,datos/reducidas/1120/CE/idx_0472.png,1120,2383,1542420,65e75fa0ad8ddef1f907ccd0f8d2a7e78c638a524e9095e74b5cb6d4706ef292
a1f13b_0,10,a1f13b,0,LAA,datos/reducidas/1120/LAA/idx_0473.png,1120,2346,872032,ae156ba237faf65cd464302b51307d5d0e331fdd59be419de6d09f2a7c4ada3b
a22718_0,11,a22718,0,LAA,datos/reducidas/1120/LAA/idx_0474.png,1120,3316,3798948,d911ca29bd00209da6be6fd9bcb3a8e46c7110c901475ba1c467858e20f58047
a24fac_0,4,a24fac,0,CE,datos/reducidas/1120/CE/idx_0475.png,1120,1498,1343775,84f368186ba63d16744273cc0bfbc22118c0b5b346a9dd9be59f9c133aeef694
a26055_0,7,a26055,0,LAA,datos/reducidas/1120/LAA/idx_0476.png,1120,3503,1182299,74b2494020f0a0457c9cc22cbc4e5090fbe46e3d1c988327c26758f9330d2f3f
a26055_1,7,a26055,1,LAA,datos/reducidas/1120/LAA/idx_0477.png,1120,3079,1125621,a6cc431e91a286624bf251b461d38238d218befc4fba4e1fb5ba79859ebcfe42
a26055_2,7,a26055,2,LAA,datos/reducidas/1120/LAA/idx_0478.png,1120,2512,857949,1ae50f4dce913b25f6c0c85aadc679ac8e8d1738c186d19b286026c9d9aeb82c
a2b566_0,11,a2b566,0,CE,datos/reducidas/1120/CE/idx_0479.png,1120,2155,708556,edaf1df6989711dac553077c75b19337680ab7f320d356b235c4bf66f5fa7eba
a2c497_0,11,a2c497,0,LAA,datos/reducidas/1120/LAA/idx_0480.png,1120,2216,351894,4217bc7bc8710469eb6e0d4180d0656dba0606d2be4308aecfa0766b93fb95d6
a3a4cb_0,6,a3a4cb,0,CE,datos/reducidas/1120/CE/idx_0481.png,1120,2019,390314,62d3595dcbb9c7eaebabfa24a9d5623b891c008aa81044eb2dcd4f4f83976ede
a45b72_0,11,a45b72,0,CE,datos/reducidas/1120/CE/idx_0482.png,1120,2506,1177490,17ead8cdcb1faeff21d2168ed4f31c7fc0931405862449f278948b317914ebe6
a45bac_0,11,a45bac,0,CE,datos/reducidas/1120/CE/idx_0483.png,1120,2248,2946662,b7734c4bf9292403e3a6f53d11cff6ae998024862a3df3956d8a6dd377592153
a4c7df_0,11,a4c7df,0,LAA,datos/reducidas/1120/LAA/idx_0484.png,1120,2014,683072,1f4f7a2b402e083afb030fd5a100211fe1e9b7d17adfdbf903bdbcef9878dc29
a4c877_0,6,a4c877,0,CE,datos/reducidas/1120/CE/idx_0485.png,1120,3265,1504884,4266ae6472c008b433a036d14ba054fe726642d91143dcdf9d6a3426e9db00df
a4c877_1,6,a4c877,1,CE,datos/reducidas/1120/CE/idx_0486.png,1120,5561,873667,be80f5682aec86287a1b6f2d29595f17ef43b06db58bf1403ee3f3f3d5ac6b63
a4c877_2,6,a4c877,2,CE,datos/reducidas/1120/CE/idx_0487.png,1120,2185,1573985,e1e619d9f8b54d1acbb046584237490c20a3cdf6748f72fdae07422f952dfb75
a4c877_3,6,a4c877,3,CE,datos/reducidas/1120/CE/idx_0488.png,1120,2655,1333121,dee4586aac7ba02dc264b282664ff53f46bb922b40b74c61fab1a5e08fb68e49
a4e918_0,11,a4e918,0,CE,datos/reducidas/1120/CE/idx_0489.png,1120,2504,2116704,60bc6fb823a187be36d570d48def6a166a6f8caeffa39f829cd1930d91bf23d4
a59c0d_0,6,a59c0d,0,CE,datos/reducidas/1120/CE/idx_0490.png,1120,3263,2540904,2c63d2db8f7978c61e1299ce84dad129550c56172a24692815153ea12d5254e0
a59c0d_1,6,a59c0d,1,CE,datos/reducidas/1120/CE/idx_0491.png,1120,3146,2225926,c9981ddd0492aa8b47a920a2dd44bfc307207c3e0fdda4ebb55aaaf2e3751f00
a6f5ae_0,7,a6f5ae,0,LAA,datos/reducidas/1120/LAA/idx_0492.png,1120,1500,236385,f4bc5ddf8d950e882415f71cce5a30aa28e7eef779ecac9b9e5f36cdc220da7d
a95219_0,11,a95219,0,LAA,datos/reducidas/1120/LAA/idx_0493.png,1120,1238,400295,4e42ec7e23fa08d202ca206e1d0cb3b135aef2b07a3b6997d84175e05fd041ca
a9573c_0,8,a9573c,0,CE,datos/reducidas/1120/CE/idx_0494.png,1120,2211,313864,22e37ba6df5de86ed37c3edf200b23fd3aea7336f6c80e1e728b4751e3b1ae73
a96be4_0,11,a96be4,0,LAA,datos/reducidas/1120/LAA/idx_0495.png,1120,2539,915757,962def74fd56212f73accd0d878239dd0d92cdc9fa6af8296c80aa5a480a2276
a975ab_0,7,a975ab,0,CE,datos/reducidas/1120/CE/idx_0496.png,1120,1963,515624,ba013b97097c8a69cc42e8c38c35153850436963758206709f85b895ad445e41
a975ab_1,7,a975ab,1,CE,datos/reducidas/1120/CE/idx_0497.png,1120,4192,272498,3edc5f2dbba001947d9aaeafd0fd7ef2b6b06ac6532bacc9456a4571342b1d14
a9c427_0,5,a9c427,0,CE,datos/reducidas/1120/CE/idx_0498.png,1120,1296,621985,cbeee32231f86d3fdb3f45e91a5d6760654d120e28ea27ec7d9498f9a2618bad
aa2f56_0,9,aa2f56,0,CE,datos/reducidas/1120/CE/idx_0499.png,1120,1968,584607,a9124abc107dd110c8d6ba967533844e890e349a332e550673201f38d8cae8fb
ab1b6e_0,3,ab1b6e,0,CE,datos/reducidas/1120/CE/idx_0500.png,1120,1594,1759366,0a686b8d8ced9b073ec2e8f1ad49d50d73ebd4659073a59cc927e097ffc71418
abc4a3_0,7,abc4a3,0,CE,datos/reducidas/1120/CE/idx_0501.png,1120,2708,539718,5affefac53bc6a12ce6795b6b167ad9bd63ac420107c18f0063a6b5566d601cf
abc4a3_1,7,abc4a3,1,CE,datos/reducidas/1120/CE/idx_0502.png,1120,2439,348264,17ec40c028991775094bb61df69ea193905bdc4994bcfbc9637b20e5f9e744cf
abc4a3_2,7,abc4a3,2,CE,datos/reducidas/1120/CE/idx_0503.png,1120,1796,231062,0dc7ccb7f68027ed3a3a469b3e16be5d0fbf0924a36c06506922e10918f33a16
abc682_0,5,abc682,0,LAA,datos/reducidas/1120/LAA/idx_0504.png,1120,7188,2326143,90dfe291e3546a0fa3c7f4d1b2db30c5fd2155c7185acf4a96219682b925b7ac
abfcb7_0,5,abfcb7,0,CE,datos/reducidas/1120/CE/idx_0505.png,1120,4165,3449401,ba2482c0eb6007cba812f9b67ae4b7dbab0d22be40fb0bbd7e83738819cdf9b7
ac2147_0,9,ac2147,0,LAA,datos/reducidas/1120/LAA/idx_0506.png,1120,2110,1006348,97189473a9837605b44f833701dcaea6735e8aa500097e501af937952eee28dc
adc6e3_0,11,adc6e3,0,LAA,datos/reducidas/1120/LAA/idx_0507.png,1120,2094,1262458,9dfd5ce2e3d4ecf3590d1a62efcad8597c7de4f4c6f20212c61018bbac26b87e
ae0487_0,3,ae0487,0,LAA,datos/reducidas/1120/LAA/idx_0508.png,1120,2723,2047250,b28c09acac30e3b3d5572332e30d42321cb1a5c8fff05d2287c3625a6a503fe2
ae26ae_0,2,ae26ae,0,CE,datos/reducidas/1120/CE/idx_0509.png,1120,2439,1382205,3c1148f9a149d104a07912801e2e804ab495ee26a60d68fcbb9c97d3ea77376a
aeb3bd_0,11,aeb3bd,0,LAA,datos/reducidas/1120/LAA/idx_0510.png,1120,2820,1978842,7bc9972c0866f915a26fb9ac2386a41f5dabade5140678d43e9436328c93e06c
af4dd6_0,4,af4dd6,0,CE,datos/reducidas/1120/CE/idx_0511.png,1120,910,962895,d95c7b8b761319dbf208011ab885fc7d9c599ccfe76c48361fcd96757f7685c6
af7a93_0,4,af7a93,0,CE,datos/reducidas/1120/CE/idx_0512.png,1120,2105,1445445,1214b0867d10a08add25b3b869901fa0adc8fff7d31d17051cfb89b102573b9d
b01110_0,4,b01110,0,LAA,datos/reducidas/1120/LAA/idx_0513.png,1120,2333,2518761,bff96619fc79d38ec4bf197a2bd05d286f71a1ff74f81c5d4d8fcbf650183997
b07b42_0,11,b07b42,0,CE,datos/reducidas/1120/CE/idx_0514.png,1100,1950,2736122,587edf22502cf8c3ba915a2bdc85512d9d4737228f027fbe424b5da55b19f907
b1e363_0,11,b1e363,0,LAA,datos/reducidas/1120/LAA/idx_0515.png,1120,1446,1688186,de9d1bcdaf716dcb702b8c927ce388a7ab4d8be5805d4a8e977dadc68a0877a7
b1e363_1,11,b1e363,1,LAA,datos/reducidas/1120/LAA/idx_0516.png,1120,2592,3286213,8bcd2e1b21cb082c16a5a710b6f3582a2aa3832e3c0fff02f252932e19b0102c
b1f248_0,4,b1f248,0,CE,datos/reducidas/1120/CE/idx_0517.png,1120,1360,1413989,894443d8d58c304e2e92f3e9a3639795eaa6935c91392d5ff1fc2623be98c215
b21b87_0,8,b21b87,0,CE,datos/reducidas/1120/CE/idx_0518.png,1120,7345,980952,254a7496e6d9344111634d545d31b12e15364e7e581f868cc89c74abb7c256c5
b25f2b_0,11,b25f2b,0,CE,datos/reducidas/1120/CE/idx_0519.png,1120,1335,893559,4eb58ba5fdf7353d523bd8e27a756171808710a76ce47e2f428b70b214cc9b0a
b342b0_0,11,b342b0,0,CE,datos/reducidas/1120/CE/idx_0520.png,1120,2196,1005689,f60897e7fc3b06881b34dae2daadc530974200cf0814d18157ec263830629247
b3c755_0,4,b3c755,0,CE,datos/reducidas/1120/CE/idx_0521.png,1120,1684,1572690,6180e60c2d9bfd28b40cb443aefee47d1b5e352134d9c837a88abadf79d704cf
b43ebe_0,7,b43ebe,0,CE,datos/reducidas/1120/CE/idx_0522.png,1120,1347,1256519,c7af229d6f160e135528267feb569ebd267bbe425f0c7286800d6e5e183932a8
b43ebe_1,7,b43ebe,1,CE,datos/reducidas/1120/CE/idx_0523.png,1120,3132,1716101,ef10f7747c5616893a573684375ca2a8bbb3dff4c47dbe19ea44fc6a548ea31a
b46f3b_0,3,b46f3b,0,CE,datos/reducidas/1120/CE/idx_0524.png,1120,3512,6312237,804fde894b96f732b00b9a71a1d5f4fb2dc41cbf3fc1c03dcf0474a4cc684042
b4a34d_0,5,b4a34d,0,CE,datos/reducidas/1120/CE/idx_0525.png,1120,2508,1446658,38f682bfc24721d02173c2313c7f018e844e370d58554dcec60239feea13e8cc
b525a8_0,3,b525a8,0,CE,datos/reducidas/1120/CE/idx_0526.png,1120,1595,754541,7101ab29632404102eccac31b5d21905c8fbe8faaa1c2202b2e191b81a95fb58
b5aece_0,7,b5aece,0,LAA,datos/reducidas/1120/LAA/idx_0527.png,1120,1877,650478,2e2f4c3287ef3ce548ae46eb27c63df28418274aa173084798bcebdf653e8590
b6cfea_0,6,b6cfea,0,LAA,datos/reducidas/1120/LAA/idx_0528.png,1120,2438,723465,d478df06f02c54966313c94f1feeb53dc3bb05418ceb9fa7b9c63fbcf651c714
b6f1e9_0,7,b6f1e9,0,LAA,datos/reducidas/1120/LAA/idx_0529.png,1120,2547,779014,012f85b9461299e33675a72ac55f34a7c20d2116b11723dc0df94fe04515c91a
b6fffe_0,11,b6fffe,0,CE,datos/reducidas/1120/CE/idx_0530.png,1120,3661,2616771,8d6e916b516bda559d2f8274ff5af92d62f8008c98abfb43c94c50e1a5440d1d
b7f78e_0,3,b7f78e,0,CE,datos/reducidas/1120/CE/idx_0531.png,1120,1878,479650,06bcf0af7f0f872bbbc500a1ee2a75e7b45c6dc2b3a69155358cf31095e681d2
b894f4_0,11,b894f4,0,CE,datos/reducidas/1120/CE/idx_0532.png,1100,2250,3003233,873da040cb636cfc308b48570c1679854b5985a5f62b33510e23dfc10580b75a
b8ef90_0,11,b8ef90,0,CE,datos/reducidas/1120/CE/idx_0533.png,1120,2959,2330007,1f7f674dd6b4b328e924f942d87704e6f3f85eaa428ed05d032c789c421798ae
b948e8_0,4,b948e8,0,CE,datos/reducidas/1120/CE/idx_0534.png,1120,935,720233,98349cf74dfefde0d2c649e252ab7bf31fae377bdd1dcbc617a397ca85325abd
ba8305_0,11,ba8305,0,LAA,datos/reducidas/1120/LAA/idx_0535.png,1120,2137,1381920,910438c426c47307a771e975b769d08bddbf6beb0d595af0317c1ccd344c13ac
baa4c4_0,4,baa4c4,0,CE,datos/reducidas/1120/CE/idx_0536.png,1120,2340,1836471,847ec83ecfaec2de6093c53b85620191a2e96f8c9aaac3d06df3b10beb143120
bb06a5_0,11,bb06a5,0,CE,datos/reducidas/1120/CE/idx_0537.png,1120,2801,1088404,e28b881000c110220ee1deea689262d6ee4a47910f6f411daf09b001cddea056
bbc5b1_0,5,bbc5b1,0,CE,datos/reducidas/1120/CE/idx_0538.png,1120,3274,1863076,0600d43435791082a9a0bc71f652c0e772de8065b50799b082977abedf827b94
bc9536_0,11,bc9536,0,LAA,datos/reducidas/1120/LAA/idx_0539.png,1120,1877,550406,91a5c5093439d401a22bb94ea0f256df875c258952f78a1ce85eff79bea697cb
bd0cea_0,6,bd0cea,0,CE,datos/reducidas/1120/CE/idx_0540.png,1120,3274,315413,92ce6d7f780075a4363a3572a1e81ec1ab13387581c56328dfb9b297cb0a5568
bd783d_0,1,bd783d,0,CE,datos/reducidas/1120/CE/idx_0541.png,1120,2385,866285,6ccd6511f40cf194c8e1afe24ff86341f3ee71e3cffe2a007bf4c4d1dd666b77
bd783d_1,1,bd783d,1,CE,datos/reducidas/1120/CE/idx_0542.png,1120,2733,737550,6a18134b5b6685fc8ee69f3292cb29fc78eba31c8021f5323bd4c90e70171228
bdf3c2_0,3,bdf3c2,0,LAA,datos/reducidas/1120/LAA/idx_0543.png,1120,1766,1017352,d49e5235eb4ff368e24b4688b56c0d18d6d9865fd81e336aa637c724022c0c94
bec7ca_0,4,bec7ca,0,CE,datos/reducidas/1120/CE/idx_0544.png,1120,1877,1941290,02a7e92abe38133b373c5d87c3284686e4d5fa08834a9767fe35142685a7b799
bf1599_0,11,bf1599,0,LAA,datos/reducidas/1120/LAA/idx_0545.png,1120,2534,1205013,4b0eb6532758753c148da7b24bf55e0c2ad742f60d54e51ed3e0c1d37e8d42cd
bff862_0,2,bff862,0,CE,datos/reducidas/1120/CE/idx_0546.png,1120,1809,309789,0d59af98d34e76089f171cb1ca82dcec9efb2667c2ee30bf8e1fa550e1954764
c01d28_0,4,c01d28,0,CE,datos/reducidas/1120/CE/idx_0547.png,1120,1363,920663,cd769458e261d521a28d046a3e110832164fcad5e746c9257a1c1e5ec18eb70c
c01d28_1,4,c01d28,1,CE,datos/reducidas/1120/CE/idx_0548.png,1120,1422,490501,db01ec448b5d0d33801a621ebf7bb3c729a1d49a736abced16d7659dbe432a6a
c07ca9_0,11,c07ca9,0,CE,datos/reducidas/1120/CE/idx_0549.png,1120,2973,2224023,7f6537e53912f7e9408b16e353072ffe8fa9d0434dfbb2af05daabfe8629d8d4
c12836_0,7,c12836,0,CE,datos/reducidas/1120/CE/idx_0550.png,1120,1874,901360,2ae6ab4beb85bce1ec2a1a38c914a6ecd71842096b135e9f86e9a0de4d2f30d1
c12836_1,7,c12836,1,CE,datos/reducidas/1120/CE/idx_0551.png,1120,1426,988901,82f8a7f3c075d2fc2225a588674b253a4169fd206f96fc61362f8b66ab64fd0c
c1b288_0,11,c1b288,0,CE,datos/reducidas/1120/CE/idx_0552.png,1120,1016,265513,e675de2e9725f5cebbd267d5dc48d0061364cc117e4d651f72b3a0b30d24d45e
c1b699_0,11,c1b699,0,CE,datos/reducidas/1120/CE/idx_0553.png,1120,3852,1557173,3efa6e697d9cc18d4f27557ffbbde91ef094b3ddbbae08b99d8c6d8a36d95bfa
c1cf0d_0,4,c1cf0d,0,LAA,datos/reducidas/1120/LAA/idx_0554.png,1120,1270,1400438,0601f634e547c6345b91422ee5645038ea02472827c65e12f8a709ad81b19d27
c30f14_0,1,c30f14,0,CE,datos/reducidas/1120/CE/idx_0555.png,1120,1452,468509,8c576aaf7e2cfeec0c8d884d48bd092d78675498ab9afcb3345302023c0fc084
c30f14_1,1,c30f14,1,CE,datos/reducidas/1120/CE/idx_0556.png,1120,2113,915787,a91c5a4132af41f3799eba6121da63ed4f56e785d35c696ac1c9213e9881e3f1
c31442_0,8,c31442,0,LAA,datos/reducidas/1120/LAA/idx_0557.png,1120,3160,80271,0d97e5bd719eaefd8987d5ca40300422ce594346ef94a5cfa008abd3c56d7c4d
c32d76_0,2,c32d76,0,CE,datos/reducidas/1120/CE/idx_0558.png,1120,1631,655626,f086195fd3f47fb3f5663efe4c9a4e4a1eb8ca1e815fe77bd65f580f5d050ecf
c32d76_1,2,c32d76,1,CE,datos/reducidas/1120/CE/idx_0559.png,1120,1594,305209,d1144f19f8fd877f7f986e420c6a542366de130d2029baef23e5522160383cf0
c32d76_2,2,c32d76,2,CE,datos/reducidas/1120/CE/idx_0560.png,1120,1634,159489,ef9feaebcedd8c2c0c2a414c4acae94a3356c36118a61a87388cc06659f03779
c3a1a5_0,4,c3a1a5,0,CE,datos/reducidas/1120/CE/idx_0561.png,1120,1079,715595,4f4adcbd7f95bb6ce36ffb48cb5c1f8f60b9de3d8cf3ac588e2b18e8aa5c5188
c3f2f8_0,11,c3f2f8,0,CE,datos/reducidas/1120/CE/idx_0562.png,1120,1983,1301667,c5693eaf96698432857c3a38d880cf9f699e4e76e5e7e8a9f9f452c8c2b4fe4b
c42387_0,11,c42387,0,LAA,datos/reducidas/1120/LAA/idx_0563.png,1120,3815,1221138,b3af4fd700470d133fa64c341ef8dc25722d4a1029d10cbe953f3cfc5c3eafc1
c4a601_0,11,c4a601,0,CE,datos/reducidas/1120/CE/idx_0564.png,1120,2637,1348055,98d3a4e7ff07f8b77998ec6d314d5d261d501ffbcf115b12d2d9491375d00410
c4da19_0,11,c4da19,0,CE,datos/reducidas/1120/CE/idx_0565.png,1120,2715,2269485,402ed49ff5de1e5ef83337029832833b2109ab83784896e28f1da992b56bab13
c5d171_0,1,c5d171,0,LAA,datos/reducidas/1120/LAA/idx_0566.png,1120,1225,535168,d16db663386b28b4e6ed279945f97ce76812300a31f168b2bb45a9c3ece6ebf5
c5e687_0,8,c5e687,0,CE,datos/reducidas/1120/CE/idx_0567.png,1120,1745,680879,0da3efcd0e67411dbf221f755a5b50811eb4ab704903e3f5204f3eb108346b52
c61b26_0,8,c61b26,0,CE,datos/reducidas/1120/CE/idx_0568.png,1120,1508,1500563,826ced5f5b3ee31974be0c7e6fc5931cf408da5384a3d5228322d7f131095e52
c63918_0,11,c63918,0,CE,datos/reducidas/1120/CE/idx_0569.png,1120,3474,1558066,1b16ffd58373caf68cea1a1e13df39db536006d0f8fefbfb5e388d82594f2972
c65db4_0,3,c65db4,0,CE,datos/reducidas/1120/CE/idx_0570.png,1120,2891,1832703,f25419f3f3e61ad4849a4c07e45156e7ac2bcffb2346d2d73c04ee0b5297f128
c65db4_1,3,c65db4,1,CE,datos/reducidas/1120/CE/idx_0571.png,1120,2754,1138235,784c9cafd389251d95ac31200c40982cd6e1aa796bb5e0828ad7159cf6a75447
c68551_0,1,c68551,0,CE,datos/reducidas/1120/CE/idx_0572.png,1120,2324,1110466,4cb552cbe3dc7ef8091487ca0a1147387a088a381486605d2066e89a858d00af
c6c758_0,11,c6c758,0,CE,datos/reducidas/1120/CE/idx_0573.png,1120,1152,482716,aa1eba01f5b77478d43e076021fb753e5407bd71e000ccecd83bd6a2d49ec982
c78d6b_0,9,c78d6b,0,CE,datos/reducidas/1120/CE/idx_0574.png,1120,3109,513161,8c36877d30b20e9a4c3e28eaa96375f5167362fb7a10611dd6e40379619db4f7
c8912e_0,4,c8912e,0,CE,datos/reducidas/1120/CE/idx_0575.png,1120,3744,3668324,02c2e18d9565f289d48e13f8a16fe782deb39564402a75a72a3b9726dbdcfe13
c92b51_0,11,c92b51,0,CE,datos/reducidas/1120/CE/idx_0576.png,1120,3293,989751,cb3af69572506653d0871d84b4ccbccc1bcb977de82b27bdfef586b9d1ef1303
c97365_0,1,c97365,0,CE,datos/reducidas/1120/CE/idx_0577.png,1120,1831,824894,9fcdaf71f7c9525bcd0d0fe4e223a5e0d934823e9e3e9284c23633c78305cbc3
c9ab6c_0,1,c9ab6c,0,LAA,datos/reducidas/1120/LAA/idx_0578.png,1120,2324,1678038,d0a132a7d3d201a15615d6c8cd740ed3265ead765c2342e2e469e8adadccf2a1
c9d53d_0,6,c9d53d,0,LAA,datos/reducidas/1120/LAA/idx_0579.png,1120,2117,599817,c28f49e704672bc565681cadc5a8adbfb8388aa3af1b945e00c51a6bef09bf4c
ca2f66_0,11,ca2f66,0,CE,datos/reducidas/1120/CE/idx_0580.png,1120,4684,1114392,eaedaa6828c4a01a49fca4651057490cb364af7eba6a774f1bd38cdf107b1979
ca7b57_0,4,ca7b57,0,LAA,datos/reducidas/1120/LAA/idx_0581.png,1120,1350,521520,074922f370915dec62d77f59e63604386766082864a584a64e843b02aa019c18
caf901_0,7,caf901,0,CE,datos/reducidas/1120/CE/idx_0582.png,1120,1192,152133,cd7e4e0594a9a47a5fc70a57e8259ee571a9044b65e7c32634939f7b7e6a70fc
cb1293_0,11,cb1293,0,LAA,datos/reducidas/1120/LAA/idx_0583.png,1120,3172,3416528,eadea9c9d73b52f1a7f61a21e9c7457bfaab7120b2a2ea7f05f75b0740ca05f4
cb2534_0,4,cb2534,0,CE,datos/reducidas/1120/CE/idx_0584.png,1120,1065,665809,f62a9398817dd1d02788e6217dcf4f5bc9009cf047e200cdf95a9249d50e76da
cb2534_1,4,cb2534,1,CE,datos/reducidas/1120/CE/idx_0585.png,1120,1188,1042788,be410a939883933cac069505ab8d0f2ee5180b9c2f173331bda8f5eb62128bdb
cb4f8e_0,11,cb4f8e,0,LAA,datos/reducidas/1120/LAA/idx_0586.png,1120,3354,2009890,75f9b432efcc50bddcfe116e658242c734388b221651b65b9ad69ec7b5994f0e
cb4f8e_1,11,cb4f8e,1,LAA,datos/reducidas/1120/LAA/idx_0587.png,1120,4099,4648275,30722da8fc4dbd0f83fe9d2cb9448fa6f07d483f96e21a78e330aa34b31e9797
cc73c0_0,11,cc73c0,0,CE,datos/reducidas/1120/CE/idx_0588.png,1120,5001,7779882,1134f4cb93a83982b836a33ef58ac46ecef72ba2e9d00318eaa6ee3fab58d524
cde001_0,1,cde001,0,CE,datos/reducidas/1120/CE/idx_0589.png,1120,1940,558866,4554372a084b600ad937aed8e46745519e60fab49105bc7a6a4d693cc7a8435b
cff1ce_0,10,cff1ce,0,CE,datos/reducidas/1120/CE/idx_0590.png,1120,1402,1353071,9fc4b45c65884fe2261e40f8a49a196dff43f3c0aa1ab9b21751aec5cdc0a925
d03362_0,11,d03362,0,LAA,datos/reducidas/1120/LAA/idx_0591.png,1120,6573,3399728,f3bcd415a0233b83a51bec6a21fac471ad60a381a2d5724292e64d02ee83ccba
d13031_0,4,d13031,0,CE,datos/reducidas/1120/CE/idx_0592.png,1120,1433,1803228,f8cbbfac672205814828596538df54df73a7dfd7cba00832e2d8bdf9d218bbd7
d1da59_0,8,d1da59,0,CE,datos/reducidas/1120/CE/idx_0593.png,1120,4122,2246355,5ee1be0e7726c12b2598868d7f9338636328cc6a18c390d607e036e1dada79cf
d20177_0,5,d20177,0,CE,datos/reducidas/1120/CE/idx_0594.png,1120,6415,1135501,1125fd0b29ac2a1527bff9d21eb3d9f56bcdb0c96f93a390853604380b5d7706
d23cd1_0,1,d23cd1,0,CE,datos/reducidas/1120/CE/idx_0595.png,1120,4811,1613099,72e06859c45c23d817a292b7dbf60b5b7e086c61fdd189731da313d2e55ab8f1
d24672_0,11,d24672,0,CE,datos/reducidas/1120/CE/idx_0596.png,1120,1963,483318,939a503d3cefecdf8cd3c0ad86626a90b73c18cd4cb4bf5e026c2107a773a1b0
d25a2f_0,11,d25a2f,0,CE,datos/reducidas/1120/CE/idx_0597.png,1120,2871,3136313,9a8b394ff0b822e23c74bf9cd97e89e6fe9c2fb936c3ae91e08133758b7ff4aa
d2c18a_0,11,d2c18a,0,LAA,datos/reducidas/1120/LAA/idx_0598.png,1120,1663,844350,da96f62877c7b72004e0a6ba201578edb5f9ffd9a9f5df43207814313903ad0d
d2e447_0,11,d2e447,0,CE,datos/reducidas/1120/CE/idx_0599.png,1120,1002,345938,20842603205236821727f3b630c397247781ba636a771bab1f9a2ae36ad99e7b
d33b23_0,11,d33b23,0,CE,datos/reducidas/1120/CE/idx_0600.png,1120,2087,782757,ecb8ac5b3ad853f6fde602a1f66978f1b4fd44721573b1159a64b6810748a65e
d346ca_0,3,d346ca,0,LAA,datos/reducidas/1120/LAA/idx_0601.png,1120,1564,521546,fb7def8514b2d7b0cb5b47ef2077adb00da95b18b04f1f84d86ddbb5433f0f2e
d36b5f_0,7,d36b5f,0,CE,datos/reducidas/1120/CE/idx_0602.png,1120,1829,721415,9b098d6c92d49b07b5468a8f33ccdba591fb810d199f989e9be5b36da2608016
d380dc_0,11,d380dc,0,CE,datos/reducidas/1120/CE/idx_0603.png,1120,5390,9122625,84427fa3890fc73081ad5f8878748a78b75f79fa84155ea515d30de0bcb03c6a
d3d21b_0,1,d3d21b,0,CE,datos/reducidas/1120/CE/idx_0604.png,1120,1406,734252,1f29a2d7115d81c46bb7975193a59fab4b83a7025ef90790eac864bd659fd612
d44b91_0,7,d44b91,0,LAA,datos/reducidas/1120/LAA/idx_0605.png,1120,4443,716127,47bb96c48238fae71a5d3dc2c00bbe26dbccb87d935791ffcc7dddfe5122f92d
d44b91_1,7,d44b91,1,LAA,datos/reducidas/1120/LAA/idx_0606.png,1120,2069,768834,133e4fcc74525c1aec3bc5023d81bb029a77baaf3371e023f7a838273fb06911
d4791c_0,10,d4791c,0,CE,datos/reducidas/1120/CE/idx_0607.png,1120,1488,2303310,281646ce2b01adda0a64447958772b0a65f5a68abad85e2a8eee2bcc418dfa5b
d4ac9a_0,5,d4ac9a,0,LAA,datos/reducidas/1120/LAA/idx_0608.png,1120,2553,1095588,62c6cb8289868c45c4559feb742b35ebbd02fa533bfa72de891a064ac6cd911a
d4c955_0,7,d4c955,0,CE,datos/reducidas/1120/CE/idx_0609.png,1120,7121,292279,bfc947444498c0fc3f946a0e3bfe6a5e7597f54fa3be2e79d17cfc574ebeef45
d4c955_1,7,d4c955,1,CE,datos/reducidas/1120/CE/idx_0610.png,1120,3615,950834,950e3a4eaff3bd28b732e92f4626df2689f97892c8fc05345694f6c44c313bb2
d4dc4f_0,3,d4dc4f,0,LAA,datos/reducidas/1120/LAA/idx_0611.png,1120,3340,5908429,4702ec75b15df101fe00c54d4dc7f18595d821ac5e521fc77caa89940dc6f4c4
d53809_0,5,d53809,0,CE,datos/reducidas/1120/CE/idx_0612.png,1120,2552,1699994,8815e457e938799f92aefefdacd4b4ba478e68d5922a475e447f039fa553fe16
d53ab7_0,7,d53ab7,0,CE,datos/reducidas/1120/CE/idx_0613.png,1120,1905,1145018,8645592767c9cb9d9bb709664fc7bba3c162bbcaa405178a204b5aaf1a5a37fa
d5c637_0,3,d5c637,0,CE,datos/reducidas/1120/CE/idx_0614.png,1120,2785,1536982,dacdb77096811ab9b9996432dfaf8361f8e0cf1272fce3bfbd146d24c1bb9567
d62b1d_0,3,d62b1d,0,LAA,datos/reducidas/1120/LAA/idx_0615.png,1120,2924,3192701,4712d8a9ec3ebba42cd2be03ff1c07d0f76e2dc69c829d9e9ff8b1c9a8f2f545
d6525e_0,2,d6525e,0,LAA,datos/reducidas/1120/LAA/idx_0616.png,1120,3823,3436267,6708ebbce19ae9bb5ba85f7763dfabeac922705fb8eeee6713c6a3fb5f5f5626
d74701_0,4,d74701,0,CE,datos/reducidas/1120/CE/idx_0617.png,1120,1180,974711,deb27300b5e6a91370b98a5b5e26e716d47613a15ec57744c1770f0064006562
d74701_1,4,d74701,1,CE,datos/reducidas/1120/CE/idx_0618.png,1120,1114,1023691,7fb56a35877b7e1f18cb4d9dd0130dc1b3b8ef96d4dcb8a1cf58a39aed99ee78
d7a20d_0,4,d7a20d,0,LAA,datos/reducidas/1120/LAA/idx_0619.png,1120,1427,610523,589bd52acf2267509388d85e1353071d33be879ae40743f0e122cc78fbd79e0e
d7dc3e_0,8,d7dc3e,0,CE,datos/reducidas/1120/CE/idx_0620.png,1120,4791,773236,8f48dbe5bb6a254a906d8c0a3334b747e298b85b6a60e5c6b9ddd2068c7cee92
d7dcea_0,1,d7dcea,0,CE,datos/reducidas/1120/CE/idx_0621.png,1120,2333,397382,e68dfaa629ff5be82374394285800b2f47d167603af539c5952637995b0b363c
d862da_0,7,d862da,0,LAA,datos/reducidas/1120/LAA/idx_0622.png,1120,1831,379163,02bdfe6e38a2191d099860a2367bab40a45c80fedcf95e07178e8e0d2bc779de
d8a746_0,11,d8a746,0,CE,datos/reducidas/1120/CE/idx_0623.png,1120,1455,1832087,9bad9c07e9228f1438218a3b4102f4a75131cb362d35b9b654402f43d9ac2006
d8db68_0,1,d8db68,0,LAA,datos/reducidas/1120/LAA/idx_0624.png,1120,1749,516941,a9b6a1d02adf955de156efeb2d228f5f5505d076a970afc24c04a7e697f2967e
d91d0f_0,1,d91d0f,0,CE,datos/reducidas/1120/CE/idx_0625.png,1120,2246,1073934,45f94887fae345eb0d4581b531eeff22460d0f5dee4b87c6f64ab7722101f34e
d923a7_0,11,d923a7,0,CE,datos/reducidas/1120/CE/idx_0626.png,1120,3727,1835866,a2142a211904f266fde569c62002be06423920ac1d57a6979c08f8f880518bfe
d93fd8_0,11,d93fd8,0,CE,datos/reducidas/1120/CE/idx_0627.png,1120,2800,3302549,6efb8799172ff6b2c4ec50a385259c8b07fbbf810bc06e39101912ab9d1874cf
d98dc9_0,11,d98dc9,0,CE,datos/reducidas/1120/CE/idx_0628.png,1120,3408,4266728,337814ce318439a5a95c5eb4d4902b46d40f65c534e53f914aa8e1ba173c51f6
da732b_0,1,da732b,0,LAA,datos/reducidas/1120/LAA/idx_0629.png,1120,2928,1018296,bd6ec675b21d102129d5fd5aa835917820b928dfae8577bfb0cd5ac8db0e8ae6
dae554_0,2,dae554,0,LAA,datos/reducidas/1120/LAA/idx_0630.png,1120,1796,670267,234733fec34e09c06dd3063f9bc371afd6e098d6a492b320fe0fd7673267409c
db268c_0,11,db268c,0,LAA,datos/reducidas/1120/LAA/idx_0631.png,1120,3060,974581,33f9e90fa924cabf8d6169ef46a77c5c3d74c4979105f3d48875a9df00e9de4a
dba56f_0,4,dba56f,0,LAA,datos/reducidas/1120/LAA/idx_0632.png,1120,1142,1050639,67d3baf6c520677d61551ac058f5fca0b57a497776c4a9b115e662f540ad2d17
dbd64b_0,5,dbd64b,0,CE,datos/reducidas/1120/CE/idx_0633.png,1120,957,499275,907c75acae7b8ead31549babfa1656be1979aef89cbbe2391164dc97fd33a044
dbecb3_0,11,dbecb3,0,LAA,datos/reducidas/1120/LAA/idx_0634.png,1120,3079,3827773,0ce492a64ce533c990c63f630e012118620634d40a2039045a7196c87b26ea23
dc8f86_0,5,dc8f86,0,CE,datos/reducidas/1120/CE/idx_0635.png,1120,2822,2266078,9af69ba207665b005142d3b708ed000a02e73be3f2d2a257405c290ce7e1e804
dc8f86_1,5,dc8f86,1,CE,datos/reducidas/1120/CE/idx_0636.png,1120,3523,1685625,bde55bc13370616dc2b61a38902b2112428fece59e79da3df9624c0145182d2e
dca376_0,11,dca376,0,CE,datos/reducidas/1120/CE/idx_0637.png,1120,1749,1773032,ff236c8d04a0c24c10d5cbb0ed28a4a67a127a1a7004368dd25fd1ac7a4d9fa7
dca3b1_0,11,dca3b1,0,LAA,datos/reducidas/1120/LAA/idx_0638.png,1120,1816,2643763,e9a52ce1c4d7878dd8c3ee3bbaef2279a4341bb0db295f6e4103536cbd15e892
dd05a2_0,9,dd05a2,0,CE,datos/reducidas/1120/CE/idx_0639.png,1120,2093,1200637,3c1004c816c85775594f39a80a18dde9debc1e55980659459ee9e8aaa35da064
dd6316_0,2,dd6316,0,CE,datos/reducidas/1120/CE/idx_0640.png,1120,2191,802634,f5ff0671a18b8649bd76af99cdfc6126fdb1f4f0509503d89d4b3db4837ce302
de9e4c_0,11,de9e4c,0,LAA,datos/reducidas/1120/LAA/idx_0641.png,1120,1624,611070,506c7aa2b033c947c7ccb33a7cc326c5f1333d361080d18ab7fdcb57eb950ea3
deec71_0,10,deec71,0,LAA,datos/reducidas/1120/LAA/idx_0642.png,1120,2448,1577909,fc8a7181515fa9e82af2f2a1650a3bea191123645e580a3b6c1e3e5f47855a46
defd00_0,11,defd00,0,LAA,datos/reducidas/1120/LAA/idx_0643.png,1120,2700,647611,9cddc856132015eb11a463c7f3667acd7c14d4853949c0c7e0661dab6c1298aa
df2c0d_0,10,df2c0d,0,CE,datos/reducidas/1120/CE/idx_0644.png,1120,3487,1848651,9e873cd8ce860a4bbe0f147a58e6ff90266b5a17d76d16bb07c697d35b952015
df4c9c_0,11,df4c9c,0,CE,datos/reducidas/1120/CE/idx_0645.png,1120,2439,754430,ef880c48bb49ff80780761d74236e784492d5dc341071ca07d327373b303ad24
df543d_0,6,df543d,0,CE,datos/reducidas/1120/CE/idx_0646.png,1120,3369,2059439,8df5d99acb1c30932e5f6599b934c1f7bfdaf90fdd70a2c4e0982c67d4bc269f
df543d_1,6,df543d,1,CE,datos/reducidas/1120/CE/idx_0647.png,1120,2441,2097761,6fa45f9b12d96af429dbe210907cd18d0a8c6953be4c9159a07af62d4d5f9117
dfd99d_0,7,dfd99d,0,CE,datos/reducidas/1120/CE/idx_0648.png,1120,3357,716100,b90db122ccacb5bd5ab9e87a6b78fd09adb771904d0c401482728cdbc1ad9ebd
e0b829_0,3,e0b829,0,CE,datos/reducidas/1120/CE/idx_0649.png,1120,2156,2636558,eeb92007d2cd0d5c8a3e07933f13e92356d2387913a11f09795154d24eaff2fa
e0cfd5_0,11,e0cfd5,0,CE,datos/reducidas/1120/CE/idx_0650.png,1120,2291,1486687,acbe83dc68effef00a89c3062d301e3d60d72dfe92c0cf1190b08d54fed83f43
e10f49_0,3,e10f49,0,CE,datos/reducidas/1120/CE/idx_0651.png,1120,3378,484050,9819f4b86fd9f12784bdbe1654443ef5b0633cc32cbf4fa492858d12d3d99724
e10fdb_0,11,e10fdb,0,LAA,datos/reducidas/1120/LAA/idx_0652.png,1120,2211,3027465,fac8f45f92645361110b083b7206a70fd39a2e018ba09a912b34e487c8135b91
e251ff_0,4,e251ff,0,CE,datos/reducidas/1120/CE/idx_0653.png,1120,994,441865,ccd2266bab0b51ee6f7f40595420371e716bc96a6c25c3440feac674b8f02263
e26a04_0,3,e26a04,0,LAA,datos/reducidas/1120/LAA/idx_0654.png,1120,2899,32264,3843c6da5cebea021f77cd9fa16c8e49f00d807126b038401ac8aaf182ca91ed
e26a04_1,3,e26a04,1,LAA,datos/reducidas/1120/LAA/idx_0655.png,1120,1503,313768,4026adddbbb7c9500d034ed6d859e835f4fa4f062e6eb5e16224b21d80afef58
e316dd_0,4,e316dd,0,CE,datos/reducidas/1120/CE/idx_0656.png,1120,976,736870,3417f859e77423121a68cc2e9e59b38244a754b9b0126fa1acbc14d6dcb1a5be
e316dd_1,4,e316dd,1,CE,datos/reducidas/1120/CE/idx_0657.png,1120,1311,1614452,a7c76a85db0b89c9036b98948e2602a8f5995df8b7fd15bc25e8fc8b4c532487
e3a230_0,11,e3a230,0,CE,datos/reducidas/1120/CE/idx_0658.png,1120,5015,2490884,a68c9d153625219677f83e0f526348cd0ae1213f0a89befdabae61a655376e73
e3a24f_0,11,e3a24f,0,CE,datos/reducidas/1120/CE/idx_0659.png,1120,1805,720701,ed2678b7a2a0c4b7d551345a32947b3087fe817777153dae143b57928d209b7a
e3e850_0,11,e3e850,0,LAA,datos/reducidas/1120/LAA/idx_0660.png,1120,4792,4247844,3ee01ad93bfca606998e6acc76924daba6665d111ebb0f1b8613a3d7cb878a46
e3f976_0,11,e3f976,0,CE,datos/reducidas/1120/CE/idx_0661.png,1120,2099,988721,b40b42516aebfe4cc5a9c40e480ffe9e9d295efa18efca702c2a21251fa98b0b
e5bd0b_0,11,e5bd0b,0,CE,datos/reducidas/1120/CE/idx_0662.png,1120,4443,3266604,18544d4c5bf1544cad2967d5f4ae7879d2578496a340d23bca192d39b388478b
e5f672_0,11,e5f672,0,CE,datos/reducidas/1120/CE/idx_0663.png,1120,2349,1261784,2e6fe504157ba32fd837654a0ecd4d49a291b92bc2db05ece8eaec9f69994382
e60ca1_0,11,e60ca1,0,CE,datos/reducidas/1120/CE/idx_0664.png,1120,3199,1380682,ebe524ac983587bcc92fce16f2b010d6caa5da609fb993ada2ef913b60f5d060
e65811_0,10,e65811,0,CE,datos/reducidas/1120/CE/idx_0665.png,1120,3555,3563909,ad00b69b37571b82b133e9069ca19cca054d41a00600dcb2cd053b67a632beb7
e6764f_0,11,e6764f,0,LAA,datos/reducidas/1120/LAA/idx_0666.png,1120,2581,1950341,e459f5189356ad2620449b9a1d2504117ef63d7cdb0636c0ee2f0855fed563a0
e6ceb4_0,10,e6ceb4,0,CE,datos/reducidas/1120/CE/idx_0667.png,1120,3401,1299265,8972348044309528f78cff1d0d553682988228662ef62f55917a00c2beb91e1e
e6ceb4_1,10,e6ceb4,1,CE,datos/reducidas/1120/CE/idx_0668.png,1120,2562,982883,bba36d105a8d3a60ae2521df58959307a4435e7aef40608bcb147b784844ff6c
e72352_0,8,e72352,0,CE,datos/reducidas/1120/CE/idx_0669.png,1120,4236,60752,3dc7520e2110950698539486b8f4912cf791264ada2aecacc723b0569bd33d58
e732f6_0,1,e732f6,0,CE,datos/reducidas/1120/CE/idx_0670.png,1120,2167,1479508,5d45aa9d4f2470135c85b2655d728b0543666e0642f662af0098293a37866138
e732f6_1,1,e732f6,1,CE,datos/reducidas/1120/CE/idx_0671.png,1120,3369,1637442,1f2459fc15feda8cb04c38b9bed8bf1360ca11677aed569d63fef383eb012115
e7bec8_0,2,e7bec8,0,CE,datos/reducidas/1120/CE/idx_0672.png,1120,2994,1016910,154e0d7ebb89f866555cdb335c0508be1e0ec1cb25ae15e7149bf314843c05cd
e7d583_0,7,e7d583,0,CE,datos/reducidas/1120/CE/idx_0673.png,1120,2562,548387,381d5c5c850a41b0aafebd78b7e77a9a3e07790724341d682f9330d73c765fb5
e8dceb_0,11,e8dceb,0,CE,datos/reducidas/1120/CE/idx_0674.png,1120,8329,6951282,728ac4d2c8461387ed2530de0638969b94a4b6ddab4728acfb7c1b651235dc44
e96bd3_0,11,e96bd3,0,CE,datos/reducidas/1120/CE/idx_0675.png,1120,1690,842114,4a650ff3d4918ab86e0ac7f48cf25eed1960a431d868ee27bd9ee93e79ca62c2
e9c181_0,10,e9c181,0,CE,datos/reducidas/1120/CE/idx_0676.png,1120,3483,2211331,552f53bf23fdb5401837b939c9c5dd5e9714bb693a6ec30449e781f6681e1f7a
e9c181_1,10,e9c181,1,CE,datos/reducidas/1120/CE/idx_0677.png,1120,3330,1683723,32f9e0b85f1816cb5fb2ff7a3987a49fbe64b7b5849c5e6a045808b10aa86e38
ea2aad_0,8,ea2aad,0,CE,datos/reducidas/1120/CE/idx_0678.png,1120,2385,517955,150842cb34f0bd5e7fdf2a712dda04e5e09ccdbb87fe67e2b461ec379858e639
eb21f0_0,11,eb21f0,0,LAA,datos/reducidas/1120/LAA/idx_0679.png,1120,2018,2366565,ad2f1c754b21735408dad03f0c4951e7f4b807cb88f61f8cf12ef155932fd4a4
eb6733_0,11,eb6733,0,CE,datos/reducidas/1120/CE/idx_0680.png,1120,1679,476299,8bba74aec4e62ee635075f006a597a4f671e4c8cfb71a2d6db93520a753f6c8c
ebb225_0,11,ebb225,0,CE,datos/reducidas/1120/CE/idx_0681.png,1120,3091,1764138,02a021d06ae66815863565e87538ead3324fe95512cbbf0d3f47ecce36b5a10c
ebce5d_0,11,ebce5d,0,CE,datos/reducidas/1120/CE/idx_0682.png,1120,2732,1660343,63cf4bde9c1fc15e1446140f5311ff968092bfed80a2d3642f945ad1b83fe643
ec3098_0,6,ec3098,0,CE,datos/reducidas/1120/CE/idx_0683.png,1120,4002,1335971,2be5105827720518f15d20897d3241608518248de02f8312b7f0a74e8ade905b
ed5006_0,11,ed5006,0,LAA,datos/reducidas/1120/LAA/idx_0684.png,1120,2416,734150,49abe07ea74238f443fa5f4d3844385bbba745082a8cc673ef28dfd659ec0bb0
edc9a4_0,11,edc9a4,0,LAA,datos/reducidas/1120/LAA/idx_0685.png,1120,5346,2642920,2bcbe1519254c336df39a709ab19f519b841b946e0acac4cafbd7a9aee7349af
eebf8d_0,1,eebf8d,0,CE,datos/reducidas/1120/CE/idx_0686.png,1120,2941,1408364,10cf16091b81939b7a13832f03e6b787f69ca0914fbddcc6b5359b522c1c4411
eebf8d_1,1,eebf8d,1,CE,datos/reducidas/1120/CE/idx_0687.png,1120,1947,913575,84a904045739271de0eecd23d753e8750d869d8d7c110ee5d618ae2eb21e3833
eebf8d_2,1,eebf8d,2,CE,datos/reducidas/1120/CE/idx_0688.png,1120,3263,1471427,50e79b4c414f10c72bc39b014c7b932d685e977b26de82b5fb3249036ccd4b1c
ef0c95_0,4,ef0c95,0,CE,datos/reducidas/1120/CE/idx_0689.png,1120,1027,1108152,fd9655ca45cc5b37ac98bd20a67ec4dc267fa45581b2f388ad31941b7694ef22
ef1b15_0,10,ef1b15,0,CE,datos/reducidas/1120/CE/idx_0690.png,1120,2213,1438517,30bf59f955139ed5da67452c5f19c3ea547fa2e004bb330d30e237e298324e5d
ef68ba_0,9,ef68ba,0,CE,datos/reducidas/1120/CE/idx_0691.png,1120,2507,2205683,518de3e8b7d0c3fa05a200a0d2fb29e0447a783cb373bcf95313526ed2f9abf3
f05449_0,11,f05449,0,LAA,datos/reducidas/1120/LAA/idx_0692.png,1120,2300,3952675,56562593b3028a8fdae6801241049b5177bf33c403b3c020d7f17066c649aba7
f115aa_0,2,f115aa,0,CE,datos/reducidas/1120/CE/idx_0693.png,1120,4500,1333998,d7e128c4de84acde08d5f71bbee0a14a7d06b3dd8c72fe50962d97e73fc8d9a1
f1f952_0,11,f1f952,0,CE,datos/reducidas/1120/CE/idx_0694.png,1120,3243,590892,abc344d73a75bae677435ecc385af2be912caaf2fb4aef81ae328dac34367ac6
f1f952_1,11,f1f952,1,CE,datos/reducidas/1120/CE/idx_0695.png,1120,2387,206137,3c6d39a9e45750ca93ca2b43d4457847e87c6cbbd6796ef1fea7e3781e1678b1
f1f952_2,11,f1f952,2,CE,datos/reducidas/1120/CE/idx_0696.png,1120,4082,817876,d150b36c163170a9dec31421343183a865c9551170436ad3f22af7cf00f9ad05
f27c51_0,1,f27c51,0,CE,datos/reducidas/1120/CE/idx_0697.png,1120,1832,657037,a7e7f4c4b1adba5523fefc79ab41991430976243e8f06d4a9e73cfd51be71565
f2aba9_0,11,f2aba9,0,CE,datos/reducidas/1120/CE/idx_0698.png,1120,1608,253592,c260e3d885a26c1333975d3a9d48e5d53402e27820eba3864fbbb3ed23068838
f2c002_0,9,f2c002,0,CE,datos/reducidas/1120/CE/idx_0699.png,1120,3425,1145871,1b46f8d5d21a0bf9e9d420ccf5505ebf555f825caf1821628654395621d5b66e
f322da_0,11,f322da,0,CE,datos/reducidas/1120/CE/idx_0700.png,1120,3329,1802807,2711ba5b3cb77035b96a139981e04009acf92246a83fb033d51e61eb8a0152b7
f3e9f6_0,4,f3e9f6,0,LAA,datos/reducidas/1120/LAA/idx_0701.png,1120,1445,844361,22bd7ca09a54f466851112e54d993bbef8760b21b0d45bb3e81ae99be9f73ddf
f3e9f6_1,4,f3e9f6,1,LAA,datos/reducidas/1120/LAA/idx_0702.png,1120,1444,596619,576e67ab4ef9e8fd0e32c342c46f9cc2949d3c6ac15fe7b9783fd804f0227984
f40c69_0,11,f40c69,0,LAA,datos/reducidas/1120/LAA/idx_0703.png,1120,2887,483522,006cb9b3f9c7e6418f5e36e9960d1d73c228f6db377908e518c13536e75e1179
f40c69_1,11,f40c69,1,LAA,datos/reducidas/1120/LAA/idx_0704.png,1120,3578,1367562,c4da252ec00d945c9e993c61959d7dea4cb28dbd1c627ce2df7de1aebb97cf1a
f40c69_2,11,f40c69,2,LAA,datos/reducidas/1120/LAA/idx_0705.png,1120,2373,733929,9bc4f105580fea02d11adef983e15b1b459be503bf7f7d3b849b3dcf80f13d5e
f40c69_3,11,f40c69,3,LAA,datos/reducidas/1120/LAA/idx_0706.png,1120,1426,370640,b6f450605156942b59ca86e5240f264c7e359592fbde21e8f82c18a5fa59f309
f4287c_0,11,f4287c,0,CE,datos/reducidas/1120/CE/idx_0707.png,1120,934,1125112,56163ae826b353e4581041c37452eb441f7909f2878ea5139316c4dccc71482f
f4c9ff_0,11,f4c9ff,0,CE,datos/reducidas/1120/CE/idx_0708.png,1120,2587,962480,3f81b8c40ecf836c8a83501dc0bfcbd673ae1f3ef6f44ef1b705bb7724ebfa50
f4d8f8_0,11,f4d8f8,0,CE,datos/reducidas/1120/CE/idx_0709.png,1120,2102,402174,741190314bb3964bb839c8183f0abd4b468e14bb7abb06b8871a4efa214d9841
f56138_0,4,f56138,0,CE,datos/reducidas/1120/CE/idx_0710.png,1120,1821,1778837,ed8f6d6b902c971a25d0f7e4abc5c365981abe2dc4894e6e4c21ba2cd88cce17
f57f2e_0,7,f57f2e,0,CE,datos/reducidas/1120/CE/idx_0711.png,1120,2150,899947,e6831fcb685f81b8f55a86ba53ff1ccd6610e3e94cd3b1bd92c5d6c5476f5489
f58fcb_0,11,f58fcb,0,CE,datos/reducidas/1120/CE/idx_0712.png,1120,2617,3139208,fa5473795190d977f91120f7f5ac73e9d70f31c2d98d8d0b05cbee0b773d2604
f5ce23_0,3,f5ce23,0,LAA,datos/reducidas/1120/LAA/idx_0713.png,1120,4238,3541946,4160718e8683e712cbad57f763b058daf03078ee5b5daffebb0877d79ec1873d
f75146_0,1,f75146,0,CE,datos/reducidas/1120/CE/idx_0714.png,1120,1663,259655,5c3431f4f0e69e129df53373b275600df3a69c65fd5030ee1ae4ee8c6f6da1aa
f75146_1,1,f75146,1,CE,datos/reducidas/1120/CE/idx_0715.png,1120,1837,627240,710f69e9e1f47649cd385ef2e8aedc489b40e9ac03d34ba3fe91ff8eda7b7950
f7f1bc_0,10,f7f1bc,0,CE,datos/reducidas/1120/CE/idx_0716.png,1120,3554,2189118,d13c36ae56331b5234833b55e8524df08083e8b1e081c27e13375ceaf04d585a
f7fb11_0,11,f7fb11,0,LAA,datos/reducidas/1120/LAA/idx_0717.png,1120,1827,623307,216ddc07e7642f7e068eaf4a581dde786e905404da4bc89875cd8697cbb29c05
f83bf0_0,1,f83bf0,0,LAA,datos/reducidas/1120/LAA/idx_0718.png,1120,1112,1018389,b6c2e38c05cdd75200770e1f7f1019594e482c115c9ca847223779a0b9e4cfb8
f8712b_0,11,f8712b,0,CE,datos/reducidas/1120/CE/idx_0719.png,1120,2289,636873,fdb0016ccb424c73c060725e6f4ca4ef6568af0bee75ee030b1f9e5f4a718583
f94fb1_0,11,f94fb1,0,LAA,datos/reducidas/1120/LAA/idx_0720.png,1120,2043,1210828,ecd0fc7c21dc0b27069c091a2ab1d81e4951d88175bdb88ae2abcdd0bf4c9d6e
f9569b_0,11,f9569b,0,CE,datos/reducidas/1120/CE/idx_0721.png,1100,1850,1203470,42224a373720fe6493885ae188ea4d3af225449ae4b198fba82626dd58285aec
f95d8b_0,11,f95d8b,0,CE,datos/reducidas/1120/CE/idx_0722.png,1120,1765,931555,746a3b6ce034e5959ab638243db9c0f7712a70f7b70793d3c990d8b8f46086a2
f95d8b_1,11,f95d8b,1,CE,datos/reducidas/1120/CE/idx_0723.png,1120,2058,1285772,c1e0a5143f1ac127581f388d6952143c371945004aa591157abe7acd0626099c
f9c105_0,11,f9c105,0,CE,datos/reducidas/1120/CE/idx_0724.png,1120,2247,3704140,ec64536dbef1d392dc159ccfc19a701bc0e489073c44a1b94f505714eda54dbb
f9fc6b_0,11,f9fc6b,0,LAA,datos/reducidas/1120/LAA/idx_0725.png,1120,1907,337932,56557c93b9729b2e803d79d66c7a37fca8e52835c69bf672eedc386f40bffb63
f9fc6b_1,11,f9fc6b,1,LAA,datos/reducidas/1120/LAA/idx_0726.png,1120,1941,798200,3e6fdc53cb00ac01e55e8fd5146a7f5e09495100736ca6973b3761f589c751ee
fa0080_0,10,fa0080,0,CE,datos/reducidas/1120/CE/idx_0727.png,1120,2649,859708,e075bad0a4af15dce0247b7c562820db080ba1ff7c9244c4fe9e9c4903811860
fa9050_0,11,fa9050,0,CE,datos/reducidas/1120/CE/idx_0728.png,1120,2560,1148162,bf4fe0b87ca280bdba97f49d8066514ad848e99523e9a370a1832f5f208c5568
fa9747_0,11,fa9747,0,LAA,datos/reducidas/1120/LAA/idx_0729.png,1120,1897,2493086,c8ed6bfba01f9f466d2246475ca188cadace661813c8e0930ecb17c40eda8e86
fad610_0,4,fad610,0,CE,datos/reducidas/1120/CE/idx_0730.png,1120,997,450512,4da0dc446d85b20f94681dcb4377f770aacc817e3eacd202ed92aa9b527bc396
fb5f7e_0,4,fb5f7e,0,CE,datos/reducidas/1120/CE/idx_0731.png,1120,1581,680691,038c07573f743bdf5fb9b6e64ac8f7bbff65350a6f074ea7d6189f5cb57c2c02
fb5f7e_1,4,fb5f7e,1,CE,datos/reducidas/1120/CE/idx_0732.png,1120,1455,1072637,a51fa2ebf83a72bd400c6ac600b836cb2277f7ca7b70fc3c5d915084ed14ca75
fb8bf8_0,3,fb8bf8,0,CE,datos/reducidas/1120/CE/idx_0733.png,1120,2832,2869742,8ba2b29cfc6265dcbdfbefdebf7837974b1947ff77023a7e8c1dc53e6e2a43ea
fbdcde_0,11,fbdcde,0,LAA,datos/reducidas/1120/LAA/idx_0734.png,1120,3243,4453549,b91213c10905333a17b7331a583d9fd58bf99a5202ad4ae5027c3860ff71336b
fbdcde_1,11,fbdcde,1,LAA,datos/reducidas/1120/LAA/idx_0735.png,1120,2627,3509566,3a1bd62c2d8bb732118c3d33462177e62868337d839716e2887b6fe2397914c7
fbf2eb_0,10,fbf2eb,0,CE,datos/reducidas/1120/CE/idx_0736.png,1120,1878,891013,b0906df0cf35fd7726e2247a386d6e4da988d3b1937ee8bfa889f61a0d93470b
fd3079_0,7,fd3079,0,CE,datos/reducidas/1120/CE/idx_0737.png,1120,1477,59295,bf7615d5f93907cfc30c61000d75fc5fa65cb69378e4fcad3aabefa153e7bd12
fd368e_0,10,fd368e,0,LAA,datos/reducidas/1120/LAA/idx_0738.png,1120,1835,917750,6826b6a0e3cecbd2d27976fcdcea88a8217680fdbe0cd1ac6e57fa122a841df2
fd418f_0,8,fd418f,0,CE,datos/reducidas/1120/CE/idx_0739.png,1120,3220,1153289,bb8768729b339696d6376334bdca7dea7e6067e954ea46067ab6466c1407d67d
fd684f_0,11,fd684f,0,LAA,datos/reducidas/1120/LAA/idx_0740.png,1120,2282,999984,7e76a29c9acd9f600c1b0b2b5831b6d1cdc0875de1a46045aba7df4fe8ff450b
fd7c5b_0,2,fd7c5b,0,CE,datos/reducidas/1120/CE/idx_0741.png,1120,3019,1112478,bfd46d446f91f9972ae98c62607589bc08bd41f7bab4e6e4158c71049205ed35
fdce0f_0,4,fdce0f,0,CE,datos/reducidas/1120/CE/idx_0742.png,1120,935,794048,0d17ae77118f5e682d9a2475d8ae1b7e3452bd65708b463f233adb48f387dd3c
fdce0f_1,4,fdce0f,1,CE,datos/reducidas/1120/CE/idx_0743.png,1120,1475,1481979,a5761e9ac7d98341976714d2a4f68fee483c76a3991157f329923cbe47fd0390
fdce0f_2,4,fdce0f,2,CE,datos/reducidas/1120/CE/idx_0744.png,1120,1489,1523010,c9942e54e48f27dd6f444fdaffc0fad0c02e7590eaed11f7fc437ae2f67b3cfe
fde9ba_0,4,fde9ba,0,LAA,datos/reducidas/1120/LAA/idx_0745.png,1120,2436,586231,f896f7d619e6d9077035588c69183345e6bec32f647b67bfff7c7471cb7e8499
fdf998_0,4,fdf998,0,CE,datos/reducidas/1120/CE/idx_0746.png,1120,1188,813235,f64ad2e3063dd5c050e63797732d5bd7b1d5640ee8ecea782f770c9a8dddfe38
fdf998_1,4,fdf998,1,CE,datos/reducidas/1120/CE/idx_0747.png,1120,1543,2182478,801ffa9a07cc1b67542448660f8ce0b302b5cd8f653b3be413b248f8a9fe1701
fe0cca_0,1,fe0cca,0,CE,datos/reducidas/1120/CE/idx_0748.png,1120,1700,505305,b9c440783363beb9fa391c21c38a7951f1188a4fd589961ee559a8b447da5d83
fe9645_0,3,fe9645,0,CE,datos/reducidas/1120/CE/idx_0749.png,1120,1930,469882,3f1bdd6fd9ec0da7ededf606dd6e9ab6b8d4bf1f845bd38fd479a7a53e3e9118
fe9bec_0,4,fe9bec,0,LAA,datos/reducidas/1120/LAA/idx_0750.png,1120,2255,536182,4eae84685a708acaf11098a0c2670b103e9a7659eed5223a2d01bf37208411bb
ff14e0_0,6,ff14e0,0,CE,datos/reducidas/1120/CE/idx_0751.png,1120,2951,1369891,c24499ce60eca2664c74b3f014eea8f9e6d1f1dc9bd054e555849628fcd27327
ffec5c_0,7,ffec5c,0,LAA,datos/reducidas/1120/LAA/idx_0752.png,1120,2486,1233809,2d7636ffe407964bd636169b374227dacb3950ef65dc31347ea5993c9dcbc6e8
ffec5c_1,7,ffec5c,1,LAA,datos/reducidas/1120/LAA/idx_0753.png,1120,2068,492785,f025f9496704a7c74f8534bcda54f6a47094efbedfa61a6e37ba24839af3f528
