x,y,lado,tejido_fraccion,nitidez_laplaciano,gris_media,gris_std,entropia_gris,r_tejido,g_tejido,b_tejido,aceptado,motivo,image_id,preparacion,label,patient_id,atipico_nitidez_laplaciano,atipico_entropia_gris,atipico_tejido_fraccion
0,0,128,0.674072265625,4023.477918871216,190.89258349609375,54.40321721410288,5.664435494353102,183.1545635639261,159.02797899311844,107.68498732343353,True,aceptado,02ebd5_0,vista_png,,,False,False,False
128,0,128,0.5848388671875,3454.30815278955,196.4324027099609,57.37956119255747,5.326461776628349,178.7543310373617,150.57159256940096,120.3912544353997,True,aceptado,02ebd5_0,vista_png,,,False,False,False
0,128,128,0.6051025390625,4237.146367513671,202.8911866455078,44.89353214065519,5.548522269927709,192.72533790599152,168.00585031268912,118.75186604801291,True,aceptado,02ebd5_0,vista_png,,,False,False,False
128,128,128,0.89019775390625,5547.6665272756345,179.34288525390625,34.4378261386325,6.5635466023859275,195.72190606787797,169.00473088789852,111.93308193349331,True,aceptado,02ebd5_0,vista_png,,,False,False,False
896,256,128,0.43670654296875,3902.6979698111563,199.85267559814451,73.1959755300435,5.1263908971431915,167.1770789657582,112.89350104821803,120.02110412299092,True,aceptado,02ebd5_0,vista_png,,,False,False,False
512,384,128,0.5308837890625,2609.991576149048,210.33366601562497,44.61343761933323,5.038602885295027,199.5516210623132,168.09392963899748,119.76546332490227,True,aceptado,02ebd5_0,vista_png,,,False,False,False
768,384,128,0.58245849609375,4085.17885712561,193.96412365722657,64.14541339544056,5.97046859631289,181.78790736665619,142.71644137063817,116.33144713402494,True,aceptado,02ebd5_0,vista_png,,,False,False,False
896,384,128,0.46954345703125,3541.706935800171,198.0295185546875,72.55782671983643,5.408757078844499,166.280124788769,124.01208891199792,114.67268945794878,True,aceptado,02ebd5_0,vista_png,,,False,False,False
384,512,128,0.53472900390625,1322.387388286377,212.30790454101563,40.08898003500909,4.885762646959133,204.38602899212418,174.12726857664651,114.51900467983107,True,aceptado,02ebd5_0,vista_png,,,False,False,False
512,512,128,0.795166015625,3176.4752101597896,187.93129907226563,40.10016079795089,6.020236938428575,199.49316856002457,168.80687749462695,109.08197727970526,True,aceptado,02ebd5_0,vista_png,,,False,False,False
640,512,128,0.9755859375,2931.571002485962,176.84905657958984,25.902953121468553,6.21447022165928,200.64683433433433,172.0412912912913,122.82075825825825,True,aceptado,02ebd5_0,vista_png,,,False,False,False
768,512,128,0.539794921875,2317.592189713379,210.4272967529297,42.7546635585218,5.437485706554568,201.3443012211669,168.40004522840343,131.2261420171868,True,aceptado,02ebd5_0,vista_png,,,False,False,False
896,512,128,0.62872314453125,2944.331357406982,199.67321350097654,54.12914928573184,5.758659816703886,196.16784778176876,161.5419862149306,127.47461411513446,True,aceptado,02ebd5_0,vista_png,,,False,False,False
1024,512,128,0.52056884765625,2197.8679582685545,210.47949017333985,45.2723425873859,5.205211875474388,200.09649431351858,163.9597842654473,129.46207058271779,True,aceptado,02ebd5_0,vista_png,,,False,False,False
1152,512,128,0.3726806640625,1367.6517734906006,225.26654467773434,39.36041851224326,4.159212674907114,203.233049459548,169.51064526695055,144.52309204061578,True,aceptado,02ebd5_0,vista_png,,,False,False,False
384,640,128,0.45611572265625,2252.5263264959717,211.51176947021486,54.759224675264996,4.724532047065107,191.5406128730095,156.36585039475446,105.50220794861501,True,aceptado,02ebd5_0,vista_png,,,False,False,False
512,640,128,0.5433349609375,2954.956085750732,206.81216162109376,51.109237151852156,5.4233166287581955,195.9202426421029,163.95978431813074,113.470456077286,True,aceptado,02ebd5_0,vista_png,,,False,False,False
640,640,128,0.60369873046875,1503.1098793175047,209.7107471923828,37.12239439134072,5.366087977294686,207.19532908704883,178.90799716914367,126.97371347689818,True,aceptado,02ebd5_0,vista_png,,,False,False,False
768,640,128,0.747314453125,3682.9998334638667,193.8837791748047,44.28076093552638,6.2007460561282155,200.46822933681804,171.25179679843188,118.18229336818034,True,aceptado,02ebd5_0,vista_png,,,False,False,False
896,640,128,0.69354248046875,1949.3267255233152,201.15422204589842,37.591335449366966,5.780185931531099,203.7863240341459,173.03502596145384,139.50171609610138,True,aceptado,02ebd5_0,vista_png,,,False,False,False
1024,640,128,0.92144775390625,3397.414443945312,178.9682418823242,29.352992598146148,6.271653290543081,200.6790753129761,168.6282705173213,120.65205007617408,True,aceptado,02ebd5_0,vista_png,,,False,False,False
1152,640,128,0.3819580078125,2173.064409293335,221.37025592041013,47.68564393437537,4.571041060834924,197.41418983700862,160.06919143496324,142.0254074784276,True,aceptado,02ebd5_0,vista_png,,,False,False,False
384,768,128,0.30462646484375,1724.8955237307127,229.60028656005858,39.75247014908731,3.7751784032936953,201.3181727108796,172.65237427369266,102.28871969545182,True,aceptado,02ebd5_0,vista_png,,,False,False,False
512,768,128,0.4637451171875,1726.8171239011228,219.13956939697266,39.5873108307895,4.750859770716615,204.71058173203474,171.19018162674388,153.9387996841274,True,aceptado,02ebd5_0,vista_png,,,False,False,False
640,768,128,0.6107177734375,2237.12669653186,209.14084875488282,39.312342970433924,5.557234675534156,206.0726564061563,175.86977813312012,141.1394163501899,True,aceptado,02ebd5_0,vista_png,,,False,False,False
768,768,128,0.69769287109375,3630.679238946777,194.58066107177734,53.44259035757206,6.2132694018645,197.1843233312921,165.51990202082058,115.25632053188697,True,aceptado,02ebd5_0,vista_png,,,False,False,False
1024,768,128,0.7764892578125,2785.3305596751707,193.61185162353513,37.8648416031335,5.9897922126521905,204.84444269768903,172.1232510611539,124.05014934758685,True,aceptado,02ebd5_0,vista_png,,,False,False,False
1152,768,128,0.54095458984375,2460.4076346091306,211.32760772705078,46.67773035461185,5.268608533863999,201.53040731129414,167.03204332618753,152.35935913347626,True,aceptado,02ebd5_0,vista_png,,,False,False,False
1280,768,128,0.7421875,3672.7900283134763,194.40056494140623,50.32516257591394,6.040192520946195,200.03470394736843,167.115625,139.7330592105263,True,aceptado,02ebd5_0,vista_png,,,False,False,False
640,896,128,0.26153564453125,1041.260237369873,230.5273854370117,43.96494591569716,3.6298786495743,194.12788798133022,165.47397899649943,90.5899649941657,True,aceptado,02ebd5_0,vista_png,,,False,False,False
768,896,128,0.95233154296875,4029.4019600578613,176.974407043457,39.88348117795715,6.594816917765745,199.6548099724412,172.15375248349676,109.89066205216946,True,aceptado,02ebd5_0,vista_png,,,False,False,False
896,896,128,0.335205078125,1058.3889580463867,230.32369537353514,34.522822079330105,4.13876543287334,206.8463219227968,180.3383102694829,147.3397669337218,True,aceptado,02ebd5_0,vista_png,,,False,False,False
1152,896,128,0.5301513671875,1586.4320813426514,214.53810052490235,40.588437857975,4.79815421010307,205.61835137002072,178.5863458438867,115.38567810269399,True,aceptado,02ebd5_0,vista_png,,,False,False,False
1280,896,128,0.611083984375,1812.334736393921,210.83386596679685,37.65286625147245,5.28858203487389,207.868058330004,174.4306831801838,165.83409908110266,True,aceptado,02ebd5_0,vista_png,,,False,False,False
768,1024,128,0.70477294921875,3227.1968083149413,190.30616436767576,57.3236580436762,6.148106888674953,192.44340521347536,156.7939724603793,125.60717069368667,True,aceptado,02ebd5_0,vista_png,,,False,False,False
1152,1024,128,0.66693115234375,2275.500416335327,203.15962835693358,41.55253476639194,5.575082844454663,204.09334675574266,172.99881028644643,135.24444037704768,True,aceptado,02ebd5_0,vista_png,,,False,False,False
128,128,128,0.43499755859375,2522.184551774414,210.63236810302732,57.52363058771376,4.380728440227089,187.09849866704084,148.6816332257612,88.99172162200084,True,aceptado,0412ab_0,vista_png,,,False,False,False
256,128,128,0.60467529296875,5387.205223112426,181.68337841796875,73.5292882218232,5.798383438390239,165.87473503583325,128.9419602301403,77.95437569395376,True,aceptado,0412ab_0,vista_png,,,False,False,False
384,128,128,0.61865234375,4293.64736079895,187.83998522949219,61.3722902774359,6.08113164336762,181.99378453038673,142.2329321231255,84.0845501183899,True,aceptado,0412ab_0,vista_png,,,False,False,False
512,128,128,0.55242919921875,1930.2939116744383,210.8447989501953,43.183160813832,5.256360054952011,206.09192354435973,171.60965639155896,123.65572864876809,True,aceptado,0412ab_0,vista_png,,,False,False,False
640,128,128,0.73004150390625,996.565405942749,207.8702239990234,31.338723591808346,5.602344751469331,218.0111194716161,183.67594682718837,157.84240448123066,True,aceptado,0412ab_0,vista_png,,,False,False,False
128,256,128,0.4100341796875,2829.506994181518,205.96589068603515,63.57518652376066,4.101038324423774,168.728490622209,133.75960107174754,60.87258112533492,True,aceptado,0412ab_0,vista_png,,,False,False,False
256,256,128,0.8707275390625,7858.802043099609,144.84003448486328,61.85518813940115,7.117072430989917,161.87410626664797,125.04878732651058,62.11706154493201,True,aceptado,0412ab_0,vista_png,,,True,False,False
384,256,128,0.5245361328125,3654.7184223933104,194.1154537963867,64.9336328874601,5.224910369350704,177.56760530602747,133.07458692110774,75.49313474517105,True,aceptado,0412ab_0,vista_png,,,False,False,False
640,256,128,0.7685546875,1566.5143395131836,200.55854864501953,32.445067371494204,5.845542474201833,214.0981575603558,176.6808290978399,149.28756353240152,True,aceptado,0412ab_0,vista_png,,,False,False,False
768,256,128,0.58380126953125,776.3709839914551,211.08417993164062,39.42236940322838,4.8498419733807925,212.89597490852066,171.00815473078933,140.74835337166755,True,aceptado,0412ab_0,vista_png,,,False,False,False
896,256,128,0.44866943359375,415.60010768884274,222.24828454589843,37.814928829442756,3.9855277629893258,214.23792681267855,176.20391783430827,130.73976329751054,True,aceptado,0412ab_0,vista_png,,,False,False,False
1024,256,128,0.34698486328125,389.5094547358398,229.6176509399414,35.153843431709745,3.8092753825433983,212.48109058927,177.80650835532103,136.56165347405454,True,aceptado,0412ab_0,vista_png,,,False,False,False
384,384,128,0.6669921875,4142.636599564087,188.49310101318358,56.01742989615176,6.226489989746759,190.8060029282577,150.21330527086383,96.25933382137629,True,aceptado,0412ab_0,vista_png,,,False,False,False
768,384,128,0.28155517578125,640.7310478449707,234.4119799194336,33.636972726492246,2.998866200919063,213.9373509646651,172.84456969434208,153.54671580316497,True,aceptado,0412ab_0,vista_png,,,False,False,False
896,384,128,0.447265625,898.1682083593751,218.49693463134764,41.96529157108647,4.001608428596235,209.32682860262008,165.93354257641923,121.35616812227074,True,aceptado,0412ab_0,vista_png,,,False,False,False
1024,384,128,0.72808837890625,1651.3361606274414,189.91079962158204,43.05624605527501,6.078011904257247,201.5935116103613,162.55754883058094,95.07829658814653,True,aceptado,0412ab_0,vista_png,,,False,False,False
1152,384,128,0.4012451171875,1168.6683621827392,209.67823950195313,61.11406353816794,4.440609193619939,183.33328262853667,137.57879525403104,69.17934286583511,True,aceptado,0412ab_0,vista_png,,,False,False,False
768,512,128,0.431640625,1858.5350488127442,217.5639569091797,44.314018438997,4.402531805873181,197.01654411764707,169.56617647058823,101.19174208144797,True,aceptado,0412ab_0,vista_png,,,False,False,False
1024,512,128,0.32177734375,1578.906387505493,220.0250197143555,54.00135255485685,3.8725097330014853,184.77807283763278,145.48406676783006,65.54116084977238,True,aceptado,0412ab_0,vista_png,,,False,False,False
256,640,128,0.62060546875,2955.7436002734376,183.62294165039063,63.07768304147475,5.4772406098221555,183.33703776553895,132.92014162077103,66.23347757671125,True,aceptado,0412ab_0,vista_png,,,False,False,False
384,640,128,0.87481689453125,2717.8701280853265,164.26555163574218,42.7076430393805,6.341849414034257,192.04681504221028,144.5511058396707,80.62115398032512,True,aceptado,0412ab_0,vista_png,,,False,False,False
512,640,128,0.49090576171875,1877.679984440918,204.60441931152343,54.930306410430944,4.481672891159982,192.5633470098222,150.7048365037921,60.74139002859629,True,aceptado,0412ab_0,vista_png,,,False,False,False
896,640,128,0.7183837890625,3319.531590130859,175.00040081787108,60.00317684259548,5.898181953113739,180.5771452846219,143.01852166525063,52.51282922684792,True,aceptado,0412ab_0,vista_png,,,False,False,False
1024,640,128,0.5816650390625,3136.8762253790283,190.31438140869142,61.37300022823843,5.866077554297677,180.01101783840502,144.01762854144806,62.1,True,aceptado,0412ab_0,vista_png,,,False,False,False
128,768,128,0.579833984375,3015.720819530151,183.56267126464843,67.13842738167092,5.487659962021868,183.00726315789473,117.82221052631579,73.11505263157895,True,aceptado,0412ab_0,vista_png,,,False,False,False
768,768,128,0.4180908203125,2443.889878340332,219.09330584716795,45.77816380384042,4.453152388612888,197.912700729927,167.38233576642335,116.66394160583941,True,aceptado,0412ab_0,vista_png,,,False,False,False
256,896,128,0.49066162109375,1841.2398431153565,205.59033782958983,51.45799518418214,5.850169133293646,200.7682547580545,142.77273292698098,127.514740639383,True,aceptado,0412ab_0,vista_png,,,False,False,False
768,896,128,0.2618408203125,1140.6905032873533,233.05965020751952,38.53613434664709,2.9154925701298744,200.53123543123544,168.83589743589744,117.25244755244755,True,aceptado,0412ab_0,vista_png,,,False,False,False
256,1024,128,0.25567626953125,1887.1364182504883,234.1800821533203,36.240656501567926,4.466690506485135,197.5736452613989,173.28718071138695,193.67724994031988,True,aceptado,0412ab_0,vista_png,,,False,False,False
640,1024,128,0.42205810546875,1299.5666775526124,211.87571868896484,52.239717951878326,4.630860908784522,198.752133044107,141.8179320318149,101.80636297903109,True,aceptado,0412ab_0,vista_png,,,False,False,False
256,1152,128,0.37640380859375,2076.7243365620116,230.24241345214844,30.793536299990663,5.28947112814777,197.19717853089023,191.04215988324955,225.36338576293173,True,aceptado,0412ab_0,vista_png,,,False,False,False
128,128,128,0.453857421875,1437.4431894555664,224.4289380493164,34.729146047744585,4.2212490949645165,193.4008875739645,182.3766810112964,214.6429532006455,True,aceptado,08b8ef_0,vista_png,,,False,False,False
256,128,128,0.29815673828125,1288.5651897843018,234.64591833496092,31.062062758074248,3.2246287910592297,193.92691914022518,182.97809621289662,214.2202661207779,True,aceptado,08b8ef_0,vista_png,,,False,False,False
128,256,128,0.63861083984375,2674.246941003662,210.21056518554684,37.74523456410381,5.689445911479445,192.33145369396922,178.05810952881583,211.09136958807227,True,aceptado,08b8ef_0,vista_png,,,False,False,False
256,256,128,0.46539306640625,3754.6800982843015,213.64929229736327,51.14994201228918,5.108870602702623,172.15593442622952,161.2536393442623,195.34531147540983,True,aceptado,08b8ef_0,vista_png,,,False,False,False
384,256,128,0.4908447265625,4565.279685997681,212.8395305175781,47.15980953038491,5.29431788072996,188.07908480477494,159.34730166625218,188.94416811738373,True,aceptado,08b8ef_0,vista_png,,,False,False,False
128,384,128,0.3084716796875,2791.048308450928,228.6751818847656,43.76478261131877,3.702158380667296,173.00178076770874,167.3868223189553,200.72872971903442,True,aceptado,08b8ef_0,vista_png,,,False,False,False
256,384,128,0.35498046875,3317.7560539438473,217.02528924560545,58.24912567166517,3.8593485132364913,156.24363823933976,141.87310866574967,177.3786107290234,True,aceptado,08b8ef_0,vista_png,,,False,False,False
128,768,128,0.36114501953125,1370.5111504907227,229.76662786865234,35.41586474747451,3.575653973803475,190.20331248943722,180.6772012844347,213.12540138583742,True,aceptado,08b8ef_0,vista_png,,,False,False,False
256,768,128,0.3270263671875,2271.1679721654054,228.2872634277344,39.540154743082056,3.6700140703017956,183.16013437849944,167.87364688316535,199.83575961179545,True,aceptado,08b8ef_0,vista_png,,,False,False,False
128,896,128,0.31317138671875,1663.0084748779295,230.86247998046872,36.88782851385723,3.543490755748948,194.7595010719158,169.92009354901577,199.5955954005067,True,aceptado,08b8ef_0,vista_png,,,False,False,False
256,896,128,0.38568115234375,4352.172669924438,219.69125762939453,48.19499306938535,4.466105908766243,174.86200348156353,156.98512422851718,190.10792846969457,True,aceptado,08b8ef_0,vista_png,,,False,False,False
384,896,128,0.40509033203125,4919.494314580566,210.46224267578123,58.65687002765724,4.844198581295945,175.55356335693838,130.5740545427151,161.8526442669881,True,aceptado,08b8ef_0,vista_png,,,False,False,False
512,896,128,0.27264404296875,3141.7608898417966,220.38497003173828,60.604048685735876,3.501010426381774,172.5511528990374,109.52742332661742,135.85874188493395,True,aceptado,08b8ef_0,vista_png,,,False,False,False
128,1024,128,0.417724609375,2895.672487009766,219.29455413818357,46.16006269454398,4.525226487464655,195.08781414377557,157.12156633547633,184.6385154880187,True,aceptado,08b8ef_0,vista_png,,,False,False,False
256,1024,128,0.7686767578125,5505.881630205444,171.4294005126953,65.86670522495157,6.4401547823810095,150.65864697474987,139.31586469747498,175.4174209941242,True,aceptado,08b8ef_0,vista_png,,,False,False,True
0,0,128,0.89080810546875,8724.355918604979,127.2547866821289,76.41383535956116,7.8024593395081485,140.30366563891744,109.07132579650565,55.500719424460435,True,aceptado,006388_0,recorte_jpg,CE,006388,False,False,True
128,0,128,0.985595703125,8314.263145599365,103.75236206054686,59.508671214277506,7.693693758507426,136.21823135992074,96.32846172900669,38.288147138964575,True,aceptado,006388_0,recorte_jpg,CE,006388,False,False,True
256,0,128,0.99713134765625,10766.643522101072,103.70554388427735,60.93248537949495,7.749884328561526,135.1419477260207,98.93150517230826,42.25818693762625,True,aceptado,006388_0,recorte_jpg,CE,006388,False,False,False
384,0,128,0.9951171875,11737.389854724486,107.31424365234375,62.29845482914451,7.769228337659358,137.44148675171738,101.92541707556428,50.02287782139352,True,aceptado,006388_0,recorte_jpg,CE,006388,False,False,False
512,0,128,0.9407958984375,13668.19754816272,121.66668817138671,73.05443299009404,7.852876269674223,139.48689503049175,110.4994809913066,62.39288958090048,True,aceptado,006388_0,recorte_jpg,CE,006388,False,False,True
640,0,128,0.2916259765625,3678.95601412622,217.43198870849608,65.8262985701254,4.366261346657912,152.05023022185014,124.7480117203851,91.62745918794475,True,aceptado,006388_0,recorte_jpg,CE,006388,False,False,True
768,0,128,0.99139404296875,5665.775623979126,106.73848944091796,48.127405372721775,7.454744191367475,142.85827741180816,99.324447454288,39.509758049621375,True,aceptado,006388_0,recorte_jpg,CE,006388,False,False,False
896,0,128,0.99969482421875,4441.305995052612,103.067998046875,44.61699615366867,7.355151274850483,141.38573783503267,97.06618230661212,33.09371756517492,True,aceptado,006388_0,recorte_jpg,CE,006388,False,False,False
1024,0,128,0.8414306640625,5661.271121868285,134.9901713256836,69.70195269202246,7.405141188365803,143.19120847236326,106.9524154939794,63.880458436094585,True,aceptado,006388_0,recorte_jpg,CE,006388,False,False,True
1536,0,128,0.26324462890625,158.96526878259277,212.50772998046872,80.81561236186096,3.720115352262721,110.11546487363783,91.95733827961975,80.2397403199629,True,aceptado,006388_0,recorte_jpg,CE,006388,False,True,True
1664,0,128,0.99981689453125,2298.908401519043,47.240593749999995,45.732174495642056,6.747577312166037,74.83664000976741,39.40388254685306,14.891459617849948,True,aceptado,006388_0,recorte_jpg,CE,006388,False,False,False
1792,0,128,0.99993896484375,2012.7839051594237,69.93093255615234,43.019797034596245,6.960571094051193,108.33284502227919,60.75987303912592,16.339437221510103,True,aceptado,006388_0,recorte_jpg,CE,006388,False,False,False
1920,0,128,1.0,1527.1996894375,71.74408227539062,44.933900428973786,7.176755173862475,109.67132568359375,63.22015380859375,16.15899658203125,True,aceptado,006388_0,recorte_jpg,CE,006388,False,False,False
0,128,128,0.919677734375,6728.131747137939,120.89359442138672,75.21795174943361,7.838954083078641,138.55501725511016,106.18383328908946,51.71290151314043,True,aceptado,006388_0,recorte_jpg,CE,006388,False,False,True
128,128,128,0.96978759765625,6350.4322488616945,107.06107592773436,65.77470903499704,7.75103318761629,135.81056076530933,97.44212977531626,42.59248536723519,True,aceptado,006388_0,recorte_jpg,CE,006388,False,False,True
256,128,128,0.98590087890625,8701.667223889037,108.28149597167967,57.41246027463555,7.6368777738764955,140.4722961678945,100.94044449947378,44.05584102024392,True,aceptado,006388_0,recorte_jpg,CE,006388,False,False,True
384,128,128,0.99822998046875,10120.828645439085,98.49820745849608,54.03389847972612,7.57283120291871,132.86169367166005,92.3647814124121,37.647569550596145,True,aceptado,006388_0,recorte_jpg,CE,006388,False,False,False
512,128,128,0.97772216796875,12471.805725903807,113.17655029296876,68.79659859293326,7.849718551712726,137.7114052063175,106.60222236094637,55.80198514264311,True,aceptado,006388_0,recorte_jpg,CE,006388,False,False,True
640,128,128,0.70074462890625,7678.367349229247,159.5508678588867,79.73426662138175,7.259682514887206,149.3625119763087,114.16810382370873,75.87814650291786,True,aceptado,006388_0,recorte_jpg,CE,006388,False,False,True
768,128,128,0.99993896484375,4595.549954082153,101.21680017089844,42.789183885612815,7.3015915608250666,139.95171824452177,93.77885613135567,37.84361838491119,True,aceptado,006388_0,recorte_jpg,CE,006388,False,False,False
896,128,128,0.999755859375,3587.128407528076,103.88814642333985,39.26316641647065,7.1175898556149715,143.93571428571428,97.7579365079365,30.12191697191697,True,aceptado,006388_0,recorte_jpg,CE,006388,False,False,False
1024,128,128,0.54803466796875,3869.090623231934,179.71387780761717,78.9110572832138,5.936146779253663,145.755540706092,114.08286000668225,71.14778928611204,True,aceptado,006388_0,recorte_jpg,CE,006388,False,False,True
1536,128,128,0.3638916015625,2941.4602478656,198.29329553222658,85.45851749475692,4.613326242179063,112.27356591747736,98.20379067427038,85.05182824555519,True,aceptado,006388_0,recorte_jpg,CE,006388,False,False,True
1664,128,128,0.9996337890625,3821.533751071533,75.32820739746093,52.74915639841052,7.447018505889645,105.77060691171083,69.34601294419343,25.779277079008427,True,aceptado,006388_0,recorte_jpg,CE,006388,False,False,False
1792,128,128,1.0,3159.5001842579345,82.50611511230468,53.19798419309853,7.234344657459882,116.2928466796875,77.067138671875,21.89599609375,True,aceptado,006388_0,recorte_jpg,CE,006388,False,False,False
1920,128,128,0.9998779296875,1600.758797585327,79.04543286132812,48.05976608959597,7.155979712160862,117.3856671957026,71.50433402514956,17.137101696984494,True,aceptado,006388_0,recorte_jpg,CE,006388,False,False,False
0,256,128,0.94464111328125,6835.097333013549,123.11243701171874,67.37615498490626,7.836221081973267,146.40621567487239,111.88906118756864,55.27285649673709,True,aceptado,006388_0,recorte_jpg,CE,006388,False,False,True
128,256,128,0.52899169921875,3810.525583312133,181.57231542968748,83.2298264065337,6.230058379780633,146.41133033344872,113.35121726087458,66.21622245298258,True,aceptado,006388_0,recorte_jpg,CE,006388,False,False,True
256,256,128,0.9580078125,8116.595843330566,107.92253564453125,65.10824678034554,7.78882344473603,132.29300458715596,97.16265290519878,44.3184250764526,True,aceptado,006388_0,recorte_jpg,CE,006388,False,False,True
384,256,128,0.99896240234375,7901.78977109851,100.66642993164064,58.82785665230626,7.721532255600942,133.48396163010938,95.83277326327367,38.12800146636525,True,aceptado,006388_0,recorte_jpg,CE,006388,False,False,False
512,256,128,0.970703125,7575.735084492187,110.41150323486326,58.82408337676056,7.6802921944780795,139.8960638832998,100.55526911468813,47.19158702213279,True,aceptado,006388_0,recorte_jpg,CE,006388,False,False,True
640,256,128,0.9669189453125,8317.426056468017,112.13900860595703,63.3340058750637,7.739230738061554,140.83335437444768,101.49274081555359,50.545638176997855,True,aceptado,006388_0,recorte_jpg,CE,006388,False,False,True
768,256,128,0.99859619140625,6199.686801086914,106.27102331542969,46.91226601693391,7.431857498984824,142.47399303221076,100.52857404804108,39.18434081046391,True,aceptado,006388_0,recorte_jpg,CE,006388,False,False,False
896,256,128,0.992431640625,5808.781913629517,110.32637084960936,52.42405687000382,7.594667167909277,143.63567035670357,104.2229397293973,45.426629766297665,True,aceptado,006388_0,recorte_jpg,CE,006388,False,False,False
1024,256,128,0.341796875,2391.4719291043702,209.78600189208984,70.49760177820815,4.728687670226021,149.0494642857143,119.20535714285714,93.16214285714285,True,aceptado,006388_0,recorte_jpg,CE,006388,False,False,True
1408,256,128,0.26104736328125,2058.8761010323487,219.54575872802735,67.27043794498906,3.8493926614443055,119.02151040448913,120.26209960252514,133.68716389992986,True,aceptado,006388_0,recorte_jpg,CE,006388,False,True,True
1536,256,128,0.91912841796875,6748.825199038574,110.76807427978514,66.24116003295283,7.5821098993664435,126.64546118600173,93.42698718374395,48.81784979082276,True,aceptado,006388_0,recorte_jpg,CE,006388,False,False,True
1664,256,128,0.999267578125,6553.549690220214,108.50030816650391,45.848135379882976,7.302281992693728,144.24664060591255,103.98723430246763,37.12887857317371,True,aceptado,006388_0,recorte_jpg,CE,006388,False,False,False
1792,256,128,0.99359130859375,4048.9647248198235,108.56931488037108,41.317559174903636,7.191577317222428,147.94938264021133,102.3874930892561,29.28988267092573,True,aceptado,006388_0,recorte_jpg,CE,006388,False,False,False
1920,256,128,1.0,2054.8463348082273,104.06927276611327,28.813640854220445,6.691579209132238,149.39593505859375,97.5133056640625,18.94366455078125,True,aceptado,006388_0,recorte_jpg,CE,006388,False,False,False
0,384,128,0.36895751953125,3983.8025378602288,213.42182989501953,65.1719503599687,5.255330043946811,164.64615384615385,143.95070306038048,104.06087675765095,True,aceptado,006388_0,recorte_jpg,CE,006388,False,False,True
128,384,128,0.7166748046875,8256.42031545044,160.83375994873046,80.87137166779853,7.064357344444872,152.60994719809233,121.17577925396014,66.55527167433146,True,aceptado,006388_0,recorte_jpg,CE,006388,False,False,True
256,384,128,0.9951171875,10464.99886067346,108.87908837890623,63.907450762251244,7.73153363911103,136.90456329735034,105.39045632973503,47.367087831207066,True,aceptado,006388_0,recorte_jpg,CE,006388,False,False,False
384,384,128,1.0,7624.16394810559,95.57399780273437,54.985795945397534,7.574628623945038,129.06500244140625,90.85052490234375,32.0552978515625,True,aceptado,006388_0,recorte_jpg,CE,006388,False,False,False
512,384,128,1.0,6496.578992842651,100.25941094970703,47.49082959396428,7.443516854928502,139.9248046875,93.66119384765625,30.19976806640625,True,aceptado,006388_0,recorte_jpg,CE,006388,False,False,False
640,384,128,0.99920654296875,6716.003533882202,109.58746429443359,57.771791454939596,7.648946481938917,142.4635025349704,105.66758292101888,42.580294423065176,True,aceptado,006388_0,recorte_jpg,CE,006388,False,False,False
768,384,128,0.9825439453125,9411.280551065063,115.6611284790039,62.17622418943096,7.7261771352345345,143.7993539570133,109.35134799353958,54.120449745309976,True,aceptado,006388_0,recorte_jpg,CE,006388,False,False,True
896,384,128,0.7532958984375,8574.907740429686,149.95480065917968,80.42155395721274,7.466078952714081,141.3338194782045,112.16528925619835,76.57770215524226,True,aceptado,006388_0,recorte_jpg,CE,006388,False,False,True
1024,384,128,0.76324462890625,9075.291078302978,154.5773857421875,78.44274989212005,7.556244404942707,140.36625349860057,121.61167532986805,100.99592163134746,True,aceptado,006388_0,recorte_jpg,CE,006388,False,False,True
1280,384,128,0.84674072265625,7260.217049898437,127.33024841308594,73.59952161767193,7.346647488055951,136.24306206300008,100.41548331290997,42.647012181936134,True,aceptado,006388_0,recorte_jpg,CE,006388,False,False,True
1408,384,128,0.84619140625,8536.691091169188,138.7562951660156,77.19342804159577,7.604636964202419,142.4831217541835,116.64360934795153,65.2469705712637,True,aceptado,006388_0,recorte_jpg,CE,006388,False,False,True
1536,384,128,0.9996337890625,7964.437167411133,104.29964337158202,54.57445578741492,7.568287483739064,135.7348882647454,100.24001709610452,42.29338136524606,True,aceptado,006388_0,recorte_jpg,CE,006388,False,False,False
1664,384,128,0.9998779296875,5792.079182915404,100.61368737792968,46.30159613884344,7.379666765402774,138.20296667073617,94.93437919667929,31.119338298132096,True,aceptado,006388_0,recorte_jpg,CE,006388,False,False,False
1792,384,128,0.99993896484375,3141.700018500488,106.73938787841796,33.946256412739466,6.988711404282138,150.99316364524202,99.91808582066777,25.71879387169627,True,aceptado,006388_0,recorte_jpg,CE,006388,False,False,False
1920,384,128,1.0,1918.157246703247,106.08236651611327,25.679450569459636,6.569093998274866,153.76263427734375,98.8203125,18.41943359375,True,aceptado,006388_0,recorte_jpg,CE,006388,False,False,False
0,512,128,0.7362060546875,8151.664151974731,167.43815740966795,78.1824651634792,7.3513710320640735,160.2098325319184,136.2735864699055,85.49684961034654,True,aceptado,006388_0,recorte_jpg,CE,006388,False,False,True
128,512,128,0.9947509765625,9485.747174162963,106.38160375976562,57.2989589004869,7.66753168671618,137.66376242483742,101.15824027488036,44.787888084427536,True,aceptado,006388_0,recorte_jpg,CE,006388,False,False,False
256,512,128,0.99444580078125,12805.382760603148,119.79532543945312,68.1607429787956,7.838003564975492,142.39446388019394,116.65733750690481,70.42036457374333,True,aceptado,006388_0,recorte_jpg,CE,006388,False,False,False
384,512,128,0.99298095703125,13027.771354943969,114.55838543701171,71.4769088104839,7.812271252288331,137.63009404388714,112.24303890835331,57.75364189562973,True,aceptado,006388_0,recorte_jpg,CE,006388,False,False,False
512,512,128,1.0,8382.92201278369,104.51691552734374,53.609632141204365,7.551218563415093,138.72235107421875,100.04229736328125,37.843017578125,True,aceptado,006388_0,recorte_jpg,CE,006388,False,False,False
640,512,128,1.0,7287.24479228247,103.17051397705077,51.8917717998399,7.504566409077607,137.8592529296875,98.48870849609375,36.29583740234375,True,aceptado,006388_0,recorte_jpg,CE,006388,False,False,False
768,512,128,0.45233154296875,4750.902654902709,195.93287261962888,77.99850467862204,5.563476445947458,149.48252597490216,123.61341249493995,80.60234786128727,True,aceptado,006388_0,recorte_jpg,CE,006388,False,False,True
896,512,128,0.59722900390625,6883.64634701062,175.3311199951172,82.22362775367615,6.829978053567761,144.84864588656106,120.16320899335717,86.80929994890138,True,aceptado,006388_0,recorte_jpg,CE,006388,False,False,True
1024,512,128,0.44818115234375,5304.576354691039,194.3109422607422,78.68379738478473,5.831684548376137,135.5866811929729,116.94116845975759,112.49489309546507,True,aceptado,006388_0,recorte_jpg,CE,006388,False,False,True
1152,512,128,0.85986328125,6382.998556838256,124.1570629272461,68.43601182589589,7.2848025236079765,137.1568710959682,96.07098239636571,50.169789892106756,True,aceptado,006388_0,recorte_jpg,CE,006388,False,False,True
1280,512,128,1.0,6846.936919023681,99.40048901367187,41.879690532077994,7.227158875216157,137.6876220703125,94.0535888671875,26.5125732421875,True,aceptado,006388_0,recorte_jpg,CE,006388,False,False,False
1408,512,128,0.97650146484375,8028.068861983642,115.22140405273437,61.16304810778444,7.715986785869891,143.24945309081818,109.39102443902743,43.73810863178949,True,aceptado,006388_0,recorte_jpg,CE,006388,False,False,True
1536,512,128,0.9954833984375,6610.731001300781,102.51858081054687,42.93395509262249,7.259739363475963,139.86909871244634,96.45377069282648,29.93991416309013,True,aceptado,006388_0,recorte_jpg,CE,006388,False,False,False
1664,512,128,1.0,4445.315137265258,101.17097869873047,36.529401363533495,7.031341609312697,143.49078369140625,94.6195068359375,23.90863037109375,True,aceptado,006388_0,recorte_jpg,CE,006388,False,False,False
1792,512,128,1.0,1629.2509843638913,98.90681903076171,24.389683701978292,6.5390830693968205,147.59063720703125,90.49560546875,14.5289306640625,True,aceptado,006388_0,recorte_jpg,CE,006388,False,False,False
1920,512,128,1.0,1088.50396948645,105.58286853027343,30.02340001754183,6.856526294310834,154.890380859375,97.9857177734375,15.37744140625,True,aceptado,006388_0,recorte_jpg,CE,006388,False,False,False
0,640,128,0.95050048828125,11588.353537598754,130.78841857910157,73.55936661632036,7.837341705550568,148.50401335645026,122.12412508829384,75.85905092146665,True,aceptado,006388_0,recorte_jpg,CE,006388,False,False,True
128,640,128,0.99053955078125,10336.127620599487,113.37372399902344,61.894415318376126,7.731083739877687,140.18565530839854,106.59221147328856,66.93074126563559,True,aceptado,006388_0,recorte_jpg,CE,006388,False,False,False
256,640,128,0.99346923828125,12258.143367530516,118.87933312988281,64.1784393583621,7.8174368606864215,145.53947287583708,115.87890888984457,57.0752595687166,True,aceptado,006388_0,recorte_jpg,CE,006388,False,False,False
384,640,128,0.99835205078125,8836.433510375731,106.7100754394531,58.319740924592956,7.690800780062682,139.6216298832304,102.51855474720303,39.95170263495751,True,aceptado,006388_0,recorte_jpg,CE,006388,False,False,False
512,640,128,0.993408203125,9565.343290551511,101.97111041259765,58.24417561594242,7.68593989283892,133.63148193659376,95.78944458097813,42.49662079134922,True,aceptado,006388_0,recorte_jpg,CE,006388,False,False,False
640,640,128,0.54962158203125,5025.920898152832,173.32004040527343,87.69083158048052,6.239513588960827,132.5422543031649,103.6847307051638,65.23342587451415,True,aceptado,006388_0,recorte_jpg,CE,006388,False,False,True
768,640,128,0.29962158203125,3075.7513970622554,223.00395800781249,57.16234349958305,4.920211005690203,166.5300468527195,149.25809737217355,141.03218578121817,True,aceptado,006388_0,recorte_jpg,CE,006388,False,False,True
896,640,128,0.68115234375,7167.56920519458,164.4083643798828,77.4380825976829,7.223447466691479,143.3399641577061,118.33252688172043,100.92410394265232,True,aceptado,006388_0,recorte_jpg,CE,006388,False,False,True
1024,640,128,0.93072509765625,8751.490422623046,126.4317720336914,61.955338059151735,7.710131625423908,144.53662535248213,111.50003278903534,76.74726211554857,True,aceptado,006388_0,recorte_jpg,CE,006388,False,False,True
1152,640,128,0.999755859375,7631.316212630859,107.17175207519531,43.65968656296728,7.262526109363957,145.42783882783883,102.25262515262516,31.854884004884006,True,aceptado,006388_0,recorte_jpg,CE,006388,False,False,False
1280,640,128,1.0,5741.540945005859,103.00124896240234,40.96197336683965,7.233093792574422,142.562744140625,97.97406005859375,25.12469482421875,True,aceptado,006388_0,recorte_jpg,CE,006388,False,False,False
1408,640,128,0.99298095703125,6736.147939805297,113.05653161621093,54.71687632245572,7.676014967712253,147.22226319995082,109.2684860778167,34.551293871780686,True,aceptado,006388_0,recorte_jpg,CE,006388,False,False,False
1536,640,128,1.0,5856.114103694945,103.96480297851562,39.29899453870667,7.11595719173212,144.5406494140625,98.59521484375,25.19085693359375,True,aceptado,006388_0,recorte_jpg,CE,006388,False,False,False
1664,640,128,0.9998779296875,3970.88984855249,103.94227398681639,37.37844886233988,6.995445632942283,146.56751312416066,98.13618605786839,21.88292027835429,True,aceptado,006388_0,recorte_jpg,CE,006388,False,False,False
1792,640,128,1.0,1200.9116226152344,105.75535748291014,23.32101746451108,6.468676446092994,154.74481201171875,98.5711669921875,14.25775146484375,True,aceptado,006388_0,recorte_jpg,CE,006388,False,False,False
1920,640,128,1.0,687.4687402285156,106.16145782470701,21.51719040607118,6.3718463024664755,156.50604248046875,98.4364013671875,13.89459228515625,True,aceptado,006388_0,recorte_jpg,CE,006388,False,False,False
0,768,128,0.99713134765625,6431.509038708862,110.73588476562499,45.551794940609156,7.347925494220423,151.8745791761033,104.50639652322948,31.45993756503642,True,aceptado,006388_0,recorte_jpg,CE,006388,False,False,False
128,768,128,0.9954833984375,8820.18369072351,108.6163067626953,59.42020653302733,7.64909991364213,141.66008583690987,103.91299816063764,40.67982832618026,True,aceptado,006388_0,recorte_jpg,CE,006388,False,False,False
256,768,128,0.99822998046875,8554.487870015135,115.2293345336914,58.7629307734844,7.7238879809686525,147.91653928462244,112.58618159584225,41.06634056863344,True,aceptado,006388_0,recorte_jpg,CE,006388,False,False,False
384,768,128,1.0,6785.44599865991,105.9976420288086,46.43742308551991,7.384738691606296,145.08209228515625,100.4613037109375,31.99395751953125,True,aceptado,006388_0,recorte_jpg,CE,006388,False,False,False
512,768,128,0.6806640625,7099.568770586791,163.83246520996096,75.9484098052539,6.951453101415928,145.3474713055954,117.19171449067431,88.21861549497848,True,aceptado,006388_0,recorte_jpg,CE,006388,False,False,True
640,768,128,0.34033203125,3157.005009312622,213.43635760498046,62.26841645120392,4.952766401213906,145.28963414634146,129.4298780487805,151.68669296987088,True,aceptado,006388_0,recorte_jpg,CE,006388,False,False,True
768,768,128,0.2967529296875,1959.4091697326658,217.41539556884766,62.24974204895517,4.4183951219847915,142.33916083916083,122.09563965446318,153.27478403948993,True,aceptado,006388_0,recorte_jpg,CE,006388,False,False,True
896,768,128,0.51708984375,4397.088243927612,183.2867664794922,78.0451372995235,5.576457899183001,149.34643531633617,107.20585457979226,83.30158168083098,True,aceptado,006388_0,recorte_jpg,CE,006388,False,False,True
1024,768,128,0.998046875,6899.91460346167,112.1043296508789,44.06496607117765,7.320901970252656,148.83194716242662,105.45933219178082,47.699730919765166,True,aceptado,006388_0,recorte_jpg,CE,006388,False,False,False
1152,768,128,1.0,7409.0565714195545,106.52237127685547,39.0954964398157,7.164147495755305,145.63494873046875,100.8695068359375,33.044921875,True,aceptado,006388_0,recorte_jpg,CE,006388,False,False,False
1280,768,128,1.0,4044.9675563518063,100.89718060302734,32.77777185455197,6.833012409146903,143.82989501953125,94.862060546875,19.3685302734375,True,aceptado,006388_0,recorte_jpg,CE,006388,False,False,False
1408,768,128,1.0,4271.524989308471,98.56107415771484,34.966033667639024,6.973234980925757,139.978759765625,92.86334228515625,19.268798828125,True,aceptado,006388_0,recorte_jpg,CE,006388,False,False,False
1536,768,128,1.0,4329.841760020019,104.56510778808592,33.79710836685644,6.924205071092409,146.6600341796875,98.662353515625,24.55224609375,True,aceptado,006388_0,recorte_jpg,CE,006388,False,False,False
1664,768,128,0.9993896484375,3709.419306867798,104.45951647949218,43.54589428482504,7.173730843734555,145.15487968730915,98.82893611823623,25.943630145352387,True,aceptado,006388_0,recorte_jpg,CE,006388,False,False,False
1792,768,128,1.0,1053.3632665607909,101.86198132324219,21.86404143609614,6.358451752916791,150.45361328125,93.9647216796875,15.0794677734375,True,aceptado,006388_0,recorte_jpg,CE,006388,False,False,False
1920,768,128,1.0,562.8050406595459,105.98206616210936,18.90686598987519,6.247489537054776,157.1077880859375,98.2901611328125,11.4957275390625,True,aceptado,006388_0,recorte_jpg,CE,006388,False,False,False
0,896,128,1.0,2557.162770481445,110.50621948242187,34.61329226734316,6.886099245500266,158.5416259765625,103.5115966796875,20.5347900390625,True,aceptado,006388_0,recorte_jpg,CE,006388,False,False,False
128,896,128,0.993408203125,3508.4495661322017,108.88114721679686,41.4540811331753,7.181726211141262,153.0666011304989,101.43880560334235,23.20330548046203,True,aceptado,006388_0,recorte_jpg,CE,006388,False,False,False
256,896,128,0.99981689453125,4516.276285438233,108.76790106201173,45.220412549670435,7.361837228402848,151.19870581771565,103.03742140284476,26.756974543678652,True,aceptado,006388_0,recorte_jpg,CE,006388,False,False,False
384,896,128,0.99859619140625,4489.841857538086,104.80696661376953,39.89356559786464,7.106798288165139,144.84707536214168,98.03728378460974,32.88319784854227,True,aceptado,006388_0,recorte_jpg,CE,006388,False,False,False
512,896,128,0.8360595703125,8468.976521076049,140.3285393066406,68.9723775710263,7.5365960992167915,145.73879398452328,113.84815301503869,72.7698934150971,True,aceptado,006388_0,recorte_jpg,CE,006388,False,False,True
640,896,128,0.92156982421875,8602.590361369384,127.18686962890624,65.91439387471962,7.682431833121488,146.94363865156632,112.2088880058282,59.05768593946619,True,aceptado,006388_0,recorte_jpg,CE,006388,False,False,True
768,896,128,0.58905029296875,6056.828740916381,173.59579943847655,83.72586622266243,6.635001640411296,143.45249196974407,115.10371982178013,70.21842296135115,True,aceptado,006388_0,recorte_jpg,CE,006388,False,False,True
896,896,128,0.8677978515625,7636.638418853394,132.7212682495117,70.419294108114,7.591406273411206,144.14959909973274,109.56210437473625,63.50921367280912,True,aceptado,006388_0,recorte_jpg,CE,006388,False,False,True
1024,896,128,0.9996337890625,7290.311393014038,106.42497265624999,41.488977733736554,7.19907650462462,143.82561973378924,99.90243008914398,41.46623519355233,True,aceptado,006388_0,recorte_jpg,CE,006388,False,False,False
1152,896,128,0.99969482421875,4206.274536416626,101.3314536743164,32.80793000521709,6.856725982821449,143.0235667623176,94.52139935282985,26.660663044141888,True,aceptado,006388_0,recorte_jpg,CE,006388,False,False,False
1280,896,128,1.0,3330.71361521582,100.77548107910155,30.927922157217395,6.745484835546256,144.566650390625,94.64453125,17.48870849609375,True,aceptado,006388_0,recorte_jpg,CE,006388,False,False,False
1408,896,128,1.0,3273.214239051269,102.17207037353515,34.744051959507146,6.940119784722099,144.7437744140625,96.89910888671875,17.66583251953125,True,aceptado,006388_0,recorte_jpg,CE,006388,False,False,False
1536,896,128,1.0,2872.4012905344234,99.85733618164062,29.638134885349935,6.758054790384311,144.14886474609375,93.31390380859375,17.38214111328125,True,aceptado,006388_0,recorte_jpg,CE,006388,False,False,False
1664,896,128,1.0,2302.3008671112057,105.10514501953124,34.0872968403648,6.904220255566576,150.0750732421875,99.255615234375,17.27764892578125,True,aceptado,006388_0,recorte_jpg,CE,006388,False,False,False
1792,896,128,1.0,1248.542235463623,112.14031219482422,29.779902945991342,6.770896418126556,159.2054443359375,106.38116455078125,18.35211181640625,True,aceptado,006388_0,recorte_jpg,CE,006388,False,False,False
1920,896,128,1.0,409.12754411474606,108.14347131347655,16.997102162483657,6.09115987199929,158.5924072265625,101.9031982421875,7.95758056640625,True,aceptado,006388_0,recorte_jpg,CE,006388,False,False,False
0,1024,128,1.0,1349.9454228332518,111.97406427001953,33.58124930183807,6.957153843983867,162.76873779296875,104.1602783203125,18.98358154296875,True,aceptado,006388_0,recorte_jpg,CE,006388,False,False,False
128,1024,128,1.0,1940.4007070712887,113.58040948486328,33.36426469351857,6.928189708236106,160.54083251953125,107.4229736328125,22.11767578125,True,aceptado,006388_0,recorte_jpg,CE,006388,False,False,False
256,1024,128,0.9986572265625,3349.3282116630858,115.24963562011717,41.195482913615685,7.257354843159847,154.61538931670944,109.92189218921892,37.92158660310476,True,aceptado,006388_0,recorte_jpg,CE,006388,False,False,False
384,1024,128,1.0,2726.165657153198,99.94198510742186,28.754234239511682,6.749078067125054,145.28125,92.3818359375,19.9539794921875,True,aceptado,006388_0,recorte_jpg,CE,006388,False,False,False
512,1024,128,1.0,4933.297312038208,102.6494965209961,34.35523006096003,6.970022749654815,146.69305419921875,95.6318359375,23.26654052734375,True,aceptado,006388_0,recorte_jpg,CE,006388,False,False,False
640,1024,128,1.0,5022.444249590453,107.43007635498046,37.37207900005818,7.077772376752464,150.15081787109375,101.4754638671875,26.0428466796875,True,aceptado,006388_0,recorte_jpg,CE,006388,False,False,False
768,1024,128,0.79656982421875,6605.029125110351,144.31733459472656,78.51687042146725,7.474814206338305,145.98084437974103,113.65496896789519,56.17286031721707,True,aceptado,006388_0,recorte_jpg,CE,006388,False,False,True
896,1024,128,0.89495849609375,8098.845028136595,122.95431292724608,66.77437018013553,7.498690996499783,141.1351019573075,103.30198458705586,42.53311055036487,True,aceptado,006388_0,recorte_jpg,CE,006388,False,False,True
1024,1024,128,0.99835205078125,5823.730142648925,101.21540313720703,40.20573998705449,7.141516500628774,139.3877239102525,93.51421409793971,38.67701901326649,True,aceptado,006388_0,recorte_jpg,CE,006388,False,False,False
1152,1024,128,1.0,3470.557044958374,102.95559393310546,30.602161218465152,6.778175302112675,146.26654052734375,95.91845703125,25.59442138671875,True,aceptado,006388_0,recorte_jpg,CE,006388,False,False,False
1280,1024,128,0.9998779296875,2014.3455391052244,103.7172841796875,25.531450444082036,6.495163603445672,148.61396654865095,97.93041142717617,15.60859479916982,True,aceptado,006388_0,recorte_jpg,CE,006388,False,False,False
1408,1024,128,1.0,2485.461856261474,107.51757525634764,33.50012039937918,6.896162001690574,150.9459228515625,102.84454345703125,17.6754150390625,True,aceptado,006388_0,recorte_jpg,CE,006388,False,False,False
1536,1024,128,1.0,1286.3677959488523,105.30877532958985,25.21908246950386,6.537257602054689,152.3704833984375,99.55975341796875,11.4774169921875,True,aceptado,006388_0,recorte_jpg,CE,006388,False,False,False
1664,1024,128,1.0,1114.9202820982664,95.12325671386719,19.385359023040156,6.181455181996467,142.73419189453125,85.64324951171875,19.06268310546875,True,aceptado,006388_0,recorte_jpg,CE,006388,False,False,False
1792,1024,128,1.0,488.56174697973626,97.22285681152343,21.66680944342116,6.411933917831513,147.44573974609375,88.48992919921875,10.46484375,True,aceptado,006388_0,recorte_jpg,CE,006388,False,False,False
1920,1024,128,1.0,282.6648858972168,104.99387780761718,16.2842979278098,6.032187154669718,155.00262451171875,98.55108642578125,7.00531005859375,True,aceptado,006388_0,recorte_jpg,CE,006388,False,False,False
0,1152,128,1.0,811.7665081115722,111.04742968749999,27.563163222565752,6.64166076645799,162.57080078125,103.3050537109375,15.77801513671875,True,aceptado,006388_0,recorte_jpg,CE,006388,False,False,False
128,1152,128,0.99993896484375,1144.0025629960937,114.0219141845703,33.17267783265058,6.878206700105227,157.0703167917964,107.90740401635843,32.53543307086614,True,aceptado,006388_0,recorte_jpg,CE,006388,False,False,False
256,1152,128,0.998779296875,2120.579254629394,109.39465850830078,33.54934188041593,6.96648722580838,151.70013444145687,103.16035199217795,29.109997555609876,True,aceptado,006388_0,recorte_jpg,CE,006388,False,False,False
384,1152,128,1.0,2006.1986831082763,100.29261944580078,35.9350732960909,7.003705238330599,145.3251953125,92.74713134765625,21.03350830078125,True,aceptado,006388_0,recorte_jpg,CE,006388,False,False,False
512,1152,128,1.0,3454.2313831937254,93.34335662841796,33.6258546620509,6.976293077653144,138.46783447265625,84.9287109375,18.318603515625,True,aceptado,006388_0,recorte_jpg,CE,006388,False,False,False
640,1152,128,1.0,3156.4761747103266,99.6940855102539,32.54920418322286,6.859547534638548,144.77783203125,92.58319091796875,18.06298828125,True,aceptado,006388_0,recorte_jpg,CE,006388,False,False,False
768,1152,128,0.99920654296875,4467.844163412354,105.94363983154295,41.308540665699965,7.217764016367752,145.5708264614257,99.5849367784497,33.81345061389042,True,aceptado,006388_0,recorte_jpg,CE,006388,False,False,False
896,1152,128,0.99981689453125,5655.564504076416,101.75558502197265,44.98208207751768,7.335077078683161,139.6465417251694,96.33850192295952,30.031377815762163,True,aceptado,006388_0,recorte_jpg,CE,006388,False,False,False
1024,1152,128,0.99969482421875,4888.773413140625,103.8906488647461,39.66979712341983,7.170151403293619,143.42542279748457,95.0073875083949,45.55064411746749,True,aceptado,006388_0,recorte_jpg,CE,006388,False,False,False
1152,1152,128,0.99993896484375,2481.6969285181885,96.49546417236328,24.746981088477586,6.443707602824544,140.6456082524568,89.01300128181651,19.143319294390526,True,aceptado,006388_0,recorte_jpg,CE,006388,False,False,False
1280,1152,128,1.0,1145.1599612987059,98.5560255126953,19.896186193964432,6.187945430199931,145.45343017578125,91.88983154296875,9.87823486328125,True,aceptado,006388_0,recorte_jpg,CE,006388,False,False,False
1408,1152,128,1.0,776.3679415910643,102.05137030029294,21.893096065074918,6.3899671997801315,149.77581787109375,95.466064453125,10.78790283203125,True,aceptado,006388_0,recorte_jpg,CE,006388,False,False,False
1536,1152,128,1.0,332.61352090698233,99.89972766113281,14.705519964317777,5.888728945631441,148.76995849609375,92.88885498046875,7.8223876953125,True,aceptado,006388_0,recorte_jpg,CE,006388,False,False,False
1664,1152,128,1.0,211.32272967163084,98.62889190673829,13.600280146196521,5.780832364561211,149.4996337890625,90.09039306640625,9.1705322265625,True,aceptado,006388_0,recorte_jpg,CE,006388,False,False,False
1792,1152,128,1.0,454.3106153815918,105.14833087158203,20.138961540273478,6.237948950124602,154.924072265625,98.06829833984375,11.0521240234375,True,aceptado,006388_0,recorte_jpg,CE,006388,False,False,False
1920,1152,128,1.0,176.6201982597656,104.09401300048827,15.577171111875446,5.98787523384486,154.103271484375,97.31097412109375,7.8560791015625,True,aceptado,006388_0,recorte_jpg,CE,006388,False,False,False
0,1280,128,0.99981689453125,1578.3022425134275,110.32939263916015,26.783577715161005,6.6337143197508786,161.92295952628044,101.46035040595812,20.45705390391307,True,aceptado,006388_0,recorte_jpg,CE,006388,False,False,False
128,1280,128,1.0,1539.0491208148192,109.27552685546874,24.74663848202756,6.4842673277455685,161.35882568359375,101.14825439453125,14.5194091796875,True,aceptado,006388_0,recorte_jpg,CE,006388,False,False,False
256,1280,128,1.0,1514.5482104505613,101.28963482666015,32.59096534366717,6.93156760571703,151.858154296875,92.74163818359375,12.6728515625,True,aceptado,006388_0,recorte_jpg,CE,006388,False,False,False
384,1280,128,1.0,1332.5409079455565,79.95665771484374,36.064493465510594,7.043948637923519,126.37811279296875,69.20745849609375,13.55108642578125,True,aceptado,006388_0,recorte_jpg,CE,006388,False,False,False
512,1280,128,1.0,2504.356206859741,98.97298779296874,28.576192486933348,6.677355472219672,146.993408203125,90.461181640625,16.85302734375,True,aceptado,006388_0,recorte_jpg,CE,006388,False,False,False
640,1280,128,1.0,2435.4170310460204,96.3748353881836,33.3241769902126,6.872357045091047,143.0509033203125,88.22027587890625,15.94134521484375,True,aceptado,006388_0,recorte_jpg,CE,006388,False,False,False
768,1280,128,1.0,3110.4046294790037,97.02590899658202,33.691272529052846,6.93634819439403,142.83404541015625,89.081298828125,17.78778076171875,True,aceptado,006388_0,recorte_jpg,CE,006388,False,False,False
896,1280,128,0.999755859375,3639.589107981567,94.29217474365234,30.52451134297583,6.768493657385845,139.18400488400488,86.30427350427351,17.356410256410257,True,aceptado,006388_0,recorte_jpg,CE,006388,False,False,False
1024,1280,128,1.0,3953.336099623534,103.22973950195313,30.76414955347651,6.81311891457583,144.377685546875,92.6748046875,49.6552734375,True,aceptado,006388_0,recorte_jpg,CE,006388,False,False,False
1152,1280,128,1.0,1330.1918370361327,103.8621509399414,21.39690049580775,6.349158460230673,151.88128662109375,97.4788818359375,10.78546142578125,True,aceptado,006388_0,recorte_jpg,CE,006388,False,False,False
1280,1280,128,1.0,1095.9281601552734,100.55169482421874,18.917872091131926,6.131146619015088,144.426025390625,94.8502197265625,14.83538818359375,True,aceptado,006388_0,recorte_jpg,CE,006388,False,False,False
1408,1280,128,0.99969482421875,1132.5203772741697,103.4080001220703,21.08907171853671,6.287527506066562,144.94926430184992,97.24543622931803,25.808230050674645,True,aceptado,006388_0,recorte_jpg,CE,006388,False,False,False
1536,1280,128,1.0,348.4093928724365,103.92412365722654,14.145731431345318,5.839511281493186,147.8673095703125,97.51513671875,21.6702880859375,True,aceptado,006388_0,recorte_jpg,CE,006388,False,False,False
1664,1280,128,1.0,588.9725312899169,101.64959552001953,17.588331590849922,5.983157167626711,148.596923828125,94.20123291015625,16.86834716796875,True,aceptado,006388_0,recorte_jpg,CE,006388,False,False,False
1792,1280,128,1.0,296.48672436022946,103.72453198242187,13.849832805601581,5.818299093833211,151.9112548828125,95.307861328125,20.67852783203125,True,aceptado,006388_0,recorte_jpg,CE,006388,False,False,False
1920,1280,128,1.0,258.1431499672851,105.57553594970703,17.12437642520383,6.049793392212471,157.87530517578125,98.0699462890625,7.050537109375,True,aceptado,006388_0,recorte_jpg,CE,006388,False,False,False
0,1408,128,1.0,2124.966725937744,104.84085412597656,28.24501406878408,6.663587949678644,155.551025390625,95.2896728515625,21.01806640625,True,aceptado,006388_0,recorte_jpg,CE,006388,False,False,False
128,1408,128,0.83856201171875,2195.623149010132,147.05996166992185,65.43914175260755,7.310549595545197,169.66926268287358,121.55244195356285,43.208020962224325,True,aceptado,006388_0,recorte_jpg,CE,006388,False,False,True
256,1408,128,0.8936767578125,1813.1622635914305,115.38514654541014,70.56586979552229,7.493053607454764,142.49651686928016,90.60995765605792,29.10183035104494,True,aceptado,006388_0,recorte_jpg,CE,006388,False,False,True
384,1408,128,1.0,743.0539230506591,97.48600366210937,20.299541873459248,6.222919851242988,149.39508056640625,88.34588623046875,8.402099609375,True,aceptado,006388_0,recorte_jpg,CE,006388,False,False,False
512,1408,128,1.0,1199.6258260667723,101.23252947998047,17.72732568574203,6.0851839052745555,152.1953125,92.84783935546875,10.74078369140625,True,aceptado,006388_0,recorte_jpg,CE,006388,False,False,False
640,1408,128,1.0,1300.58653472583,100.2093310546875,20.247535902820577,6.199610903096289,149.8804931640625,92.4951171875,9.65289306640625,True,aceptado,006388_0,recorte_jpg,CE,006388,False,False,False
768,1408,128,1.0,1835.6789517889404,102.0586469116211,24.08357024498275,6.430886367742842,151.1158447265625,94.47723388671875,12.4287109375,True,aceptado,006388_0,recorte_jpg,CE,006388,False,False,False
896,1408,128,1.0,1920.7348900454099,99.4706519165039,21.888555495376732,6.314147160660176,147.78363037109375,91.960205078125,11.42724609375,True,aceptado,006388_0,recorte_jpg,CE,006388,False,False,False
1024,1408,128,0.999755859375,3020.5781348442383,101.60430865478514,27.48659424647575,6.644165161423074,145.75714285714287,93.20775335775336,28.733211233211232,True,aceptado,006388_0,recorte_jpg,CE,006388,False,False,False
1152,1408,128,1.0,803.4331293826904,103.43768420410156,16.51326555030137,5.9876368636205894,152.93182373046875,96.58587646484375,8.9049072265625,True,aceptado,006388_0,recorte_jpg,CE,006388,False,False,False
1280,1408,128,1.0,631.5974784267578,102.79018292236327,15.973218490709753,6.014848556707758,149.05352783203125,97.2869873046875,9.7869873046875,True,aceptado,006388_0,recorte_jpg,CE,006388,False,False,False
1408,1408,128,1.0,763.1346152652587,109.67250115966797,18.778898193808168,6.147115188177902,154.86492919921875,105.365234375,13.32012939453125,True,aceptado,006388_0,recorte_jpg,CE,006388,False,False,False
1536,1408,128,1.0,491.18358040954587,106.19111798095703,16.49222579732449,5.95509637944832,153.13385009765625,100.3551025390625,13.1197509765625,True,aceptado,006388_0,recorte_jpg,CE,006388,False,False,False
1664,1408,128,1.0,433.6487003953857,105.4513511352539,19.494776226032535,6.029795851962289,153.95648193359375,98.9888916015625,11.50775146484375,True,aceptado,006388_0,recorte_jpg,CE,006388,False,False,False
1792,1408,128,1.0,195.95890704174803,108.05356188964842,13.78955110059287,5.786406968787684,159.524169921875,101.443359375,7.09283447265625,True,aceptado,006388_0,recorte_jpg,CE,006388,False,False,False
1920,1408,128,1.0,314.6606978010253,109.83436944580077,16.628595150838063,6.002255045072978,161.040283203125,103.31256103515625,9.11273193359375,True,aceptado,006388_0,recorte_jpg,CE,006388,False,False,False
0,1536,128,1.0,2814.9415539471433,107.3366916503906,31.81193602962599,6.849490916967735,157.7427978515625,98.5447998046875,20.4017333984375,True,aceptado,006388_0,recorte_jpg,CE,006388,False,False,False
128,1536,128,1.0,2457.1577156450194,97.52772900390624,28.79658207698785,6.756071006628789,149.375,86.9410400390625,16.05450439453125,True,aceptado,006388_0,recorte_jpg,CE,006388,False,False,False
256,1536,128,1.0,1989.765411901367,96.15753808593749,26.20736507013255,6.614242492529709,147.2574462890625,86.39208984375,12.41583251953125,True,aceptado,006388_0,recorte_jpg,CE,006388,False,False,False
384,1536,128,1.0,1230.4237232409666,106.63030493164061,17.424281320675078,6.074631745649623,158.49884033203125,98.92498779296875,10.2647705078125,True,aceptado,006388_0,recorte_jpg,CE,006388,False,False,False
512,1536,128,1.0,691.0987832342529,102.85617181396483,15.107727207756735,5.904258089156758,154.86053466796875,94.76318359375,8.13055419921875,True,aceptado,006388_0,recorte_jpg,CE,006388,False,False,False
640,1536,128,1.0,816.6010620859375,103.96371484375,17.82274648232428,6.047420581011419,154.58575439453125,96.53509521484375,9.4427490234375,True,aceptado,006388_0,recorte_jpg,CE,006388,False,False,False
768,1536,128,1.0,646.1716523100586,100.71912084960937,15.12317917545271,5.9117760327002,152.3653564453125,91.9515380859375,10.4063720703125,True,aceptado,006388_0,recorte_jpg,CE,006388,False,False,False
896,1536,128,1.0,826.9446847272949,108.76887030029297,19.29214524417959,6.20684748362603,158.363037109375,102.75469970703125,9.66064453125,True,aceptado,006388_0,recorte_jpg,CE,006388,False,False,False
1024,1536,128,0.99951171875,1761.0433618375243,102.87490728759767,21.25987150690814,6.309111342555159,146.3221177332682,95.31381289692233,27.270456765999022,True,aceptado,006388_0,recorte_jpg,CE,006388,False,False,False
1152,1536,128,1.0,1002.919036979492,107.53371838378905,19.422035923258274,6.263073889843742,155.0308837890625,101.3902587890625,14.59124755859375,True,aceptado,006388_0,recorte_jpg,CE,006388,False,False,False
1280,1536,128,1.0,623.9279957878418,108.01249652099608,15.620141015628906,5.843026588261079,156.34124755859375,102.96875,7.22637939453125,True,aceptado,006388_0,recorte_jpg,CE,006388,False,False,False
1408,1536,128,1.0,283.8328742152099,107.0877139892578,14.826358643826236,5.898622823773116,156.67706298828125,101.45404052734375,6.03289794921875,True,aceptado,006388_0,recorte_jpg,CE,006388,False,False,False
1536,1536,128,1.0,274.73756661230465,102.68727514648438,13.693292937605463,5.73139060744796,153.676025390625,95.298583984375,6.9989013671875,True,aceptado,006388_0,recorte_jpg,CE,006388,False,False,False
1664,1536,128,1.0,324.2486618765869,108.66545672607421,16.129525992379627,5.934790616698004,159.75201416015625,102.5665283203125,6.07940673828125,True,aceptado,006388_0,recorte_jpg,CE,006388,False,False,False
1792,1536,128,1.0,177.40490377124024,108.94141180419922,15.25742750609662,5.944527831924783,161.21160888671875,102.3046875,6.02008056640625,True,aceptado,006388_0,recorte_jpg,CE,006388,False,False,False
1920,1536,128,1.0,342.02600163098145,116.33276696777344,19.014816960437923,6.246960306118276,166.60662841796875,111.88104248046875,7.3966064453125,True,aceptado,006388_0,recorte_jpg,CE,006388,False,False,False
0,1664,128,1.0,2102.381503292236,104.16502130126952,24.677035397648947,6.5178146044598275,155.26861572265625,95.275146484375,15.90521240234375,True,aceptado,006388_0,recorte_jpg,CE,006388,False,False,False
128,1664,128,0.99993896484375,2397.391055956787,92.97220440673827,37.883941477580386,7.1228367818377425,143.60666544588904,81.41164621864128,19.609290117805042,True,aceptado,006388_0,recorte_jpg,CE,006388,False,False,False
256,1664,128,1.0,1828.8155783833006,101.93521307373047,23.60815294733295,6.536569816748637,153.04931640625,93.40606689453125,11.7904052734375,True,aceptado,006388_0,recorte_jpg,CE,006388,False,False,False
384,1664,128,0.99945068359375,1258.8702191987304,106.3138442993164,24.0426299610064,6.242982602988377,156.39853435114503,98.8701679389313,12.594381679389313,True,aceptado,006388_0,recorte_jpg,CE,006388,False,False,False
512,1664,128,1.0,644.2314822139892,104.8276630859375,15.174785374431114,5.91878254242408,156.95867919921875,97.10260009765625,7.8753662109375,True,aceptado,006388_0,recorte_jpg,CE,006388,False,False,False
640,1664,128,1.0,696.266789699829,106.2637252807617,18.725441303876718,6.075296424106547,157.36260986328125,99.15771484375,8.8309326171875,True,aceptado,006388_0,recorte_jpg,CE,006388,False,False,False
768,1664,128,1.0,497.7546132723389,108.5070075073242,16.678225608305368,5.969484954681359,159.45208740234375,102.1029052734375,7.8634033203125,True,aceptado,006388_0,recorte_jpg,CE,006388,False,False,False
896,1664,128,1.0,437.9699540684814,105.31135919189452,16.3597929803321,6.051788935170272,155.953125,98.49346923828125,7.59393310546875,True,aceptado,006388_0,recorte_jpg,CE,006388,False,False,False
1024,1664,128,1.0,427.1642474940185,105.8416488647461,15.494090543705536,5.933964927502486,155.500244140625,99.40582275390625,8.735595703125,True,aceptado,006388_0,recorte_jpg,CE,006388,False,False,False
1152,1664,128,1.0,678.665759946167,110.56647766113281,17.171159285250724,5.949407586189717,158.90313720703125,105.90325927734375,7.80023193359375,True,aceptado,006388_0,recorte_jpg,CE,006388,False,False,False
1280,1664,128,1.0,340.0080890046387,107.02093603515624,15.670376530358428,5.958548371368323,156.235595703125,101.44482421875,6.6524658203125,True,aceptado,006388_0,recorte_jpg,CE,006388,False,False,False
1408,1664,128,1.0,476.7139438640137,105.69506365966797,18.269453149769927,6.079066490134424,154.41070556640625,99.8333740234375,8.10589599609375,True,aceptado,006388_0,recorte_jpg,CE,006388,False,False,False
1536,1664,128,1.0,294.17240124560544,106.5859298095703,13.762003281455929,5.708123177610966,158.7003173828125,99.5440673828125,6.15936279296875,True,aceptado,006388_0,recorte_jpg,CE,006388,False,False,False
1664,1664,128,1.0,237.53769500183103,109.40824017333983,14.305892980720394,5.792246259091223,160.9061279296875,103.29656982421875,5.8089599609375,True,aceptado,006388_0,recorte_jpg,CE,006388,False,False,False
1792,1664,128,1.0,287.7445519057617,105.57082556152343,16.313917826519496,6.012481062481835,157.869384765625,98.2203369140625,6.2503662109375,True,aceptado,006388_0,recorte_jpg,CE,006388,False,False,False
1920,1664,128,1.0,378.0840568312988,108.25707354736326,18.756103232277802,6.167370435689818,157.78582763671875,102.089111328125,10.1123046875,True,aceptado,006388_0,recorte_jpg,CE,006388,False,False,False
0,1792,128,1.0,2937.9319029382323,105.15608428955078,32.841919547803336,6.973841938510212,153.20941162109375,97.505859375,18.513427734375,True,aceptado,006388_0,recorte_jpg,CE,006388,False,False,False
128,1792,128,0.999267578125,2424.5293041311033,89.7641664428711,37.24696448762865,7.068821497293326,135.81590520400684,79.33630588810163,21.656181285120937,True,aceptado,006388_0,recorte_jpg,CE,006388,False,False,False
256,1792,128,1.0,1514.4053428117675,106.3839747314453,22.819288106257027,6.349227303950643,156.1016845703125,99.287353515625,12.525390625,True,aceptado,006388_0,recorte_jpg,CE,006388,False,False,False
384,1792,128,1.0,1117.6297491142577,102.62658734130859,19.447816680334526,6.121075014409831,153.46099853515625,94.7530517578125,9.83953857421875,True,aceptado,006388_0,recorte_jpg,CE,006388,False,False,False
512,1792,128,1.0,543.0174975142822,103.16221258544921,15.551969675694961,5.95800584708711,154.61529541015625,95.458740234375,7.8768310546875,True,aceptado,006388_0,recorte_jpg,CE,006388,False,False,False
640,1792,128,1.0,353.0814726282959,103.88718823242186,14.936095785779845,5.914823771639194,154.66265869140625,96.91693115234375,6.6036376953125,True,aceptado,006388_0,recorte_jpg,CE,006388,False,False,False
768,1792,128,1.0,317.66915142944333,106.04127032470703,13.05271481749744,5.653982173853983,157.19921875,99.34320068359375,6.35302734375,True,aceptado,006388_0,recorte_jpg,CE,006388,False,False,False
896,1792,128,1.0,302.13346675378415,108.18560638427735,13.578328362735068,5.774244921858963,159.12347412109375,102.02294921875,6.31768798828125,True,aceptado,006388_0,recorte_jpg,CE,006388,False,False,False
1024,1792,128,1.0,387.52208176049805,107.09557287597656,14.79036341465896,5.9123204521177986,156.6124267578125,101.267822265625,7.230224609375,True,aceptado,006388_0,recorte_jpg,CE,006388,False,False,False
1152,1792,128,0.99951171875,1084.924033802124,105.98691796874999,25.023602975444312,6.466574554510723,152.24560332193454,99.79720322423059,15.951697606253052,True,aceptado,006388_0,recorte_jpg,CE,006388,False,False,False
1280,1792,128,1.0,295.32195754113764,105.9892749633789,13.022137946231853,5.67204571607704,155.8797607421875,99.76031494140625,7.2098388671875,True,aceptado,006388_0,recorte_jpg,CE,006388,False,False,False
1408,1792,128,1.0,308.6169804257812,104.48498376464843,15.940492305084161,5.948302344894947,154.40087890625,98.1329345703125,6.272705078125,True,aceptado,006388_0,recorte_jpg,CE,006388,False,False,False
1536,1792,128,1.0,237.0372151557617,103.61970733642578,12.893258265467795,5.637029970963929,153.33074951171875,96.2783203125,11.0389404296875,True,aceptado,006388_0,recorte_jpg,CE,006388,False,False,False
1664,1792,128,1.0,305.6252938547363,109.3522553100586,16.04010504086133,5.901503173031112,160.03656005859375,103.5,6.55108642578125,True,aceptado,006388_0,recorte_jpg,CE,006388,False,False,False
1792,1792,128,1.0,344.3384444947509,109.42017504882813,20.310109091646275,6.291667371148541,159.82098388671875,103.52215576171875,7.59820556640625,True,aceptado,006388_0,recorte_jpg,CE,006388,False,False,False
1920,1792,128,1.0,159.56748325390623,107.3556519165039,15.116819142366719,5.9519507560700395,158.1806640625,101.16876220703125,5.90850830078125,True,aceptado,006388_0,recorte_jpg,CE,006388,False,False,False
0,1920,128,0.97637939453125,3502.594482518676,97.92450378417968,51.77627104251737,7.348076320464312,137.28261549040445,85.85478527223854,24.650684503344376,True,aceptado,006388_0,recorte_jpg,CE,006388,False,False,True
128,1920,128,1.0,2009.400054153076,97.00739135742187,25.819017010870695,6.5641020901269265,146.09588623046875,87.89459228515625,15.1806640625,True,aceptado,006388_0,recorte_jpg,CE,006388,False,False,False
256,1920,128,1.0,1439.5920579787596,99.61132653808593,21.62144026338608,6.369675833628285,149.9608154296875,90.8045654296875,12.90142822265625,True,aceptado,006388_0,recorte_jpg,CE,006388,False,False,False
384,1920,128,1.0,708.8466179888915,99.96426721191406,16.094988557294247,6.000922737553699,151.098876953125,91.83251953125,7.71942138671875,True,aceptado,006388_0,recorte_jpg,CE,006388,False,False,False
512,1920,128,1.0,407.9526993492431,97.33350842285155,17.30763707824817,6.137227930961718,148.61859130859375,88.67694091796875,7.3963623046875,True,aceptado,006388_0,recorte_jpg,CE,006388,False,False,False
640,1920,128,1.0,532.7144298255615,102.23525622558594,17.112362638365187,6.045631078010646,153.29437255859375,94.48309326171875,8.23388671875,True,aceptado,006388_0,recorte_jpg,CE,006388,False,False,False
768,1920,128,1.0,296.6624909036865,105.77287255859375,13.83272000714301,5.78880971152982,156.9180908203125,99.0537109375,6.22662353515625,True,aceptado,006388_0,recorte_jpg,CE,006388,False,False,False
896,1920,128,1.0,348.72745654736326,107.62084576416015,16.45700622841315,6.051728255700747,158.272705078125,101.30926513671875,7.2698974609375,True,aceptado,006388_0,recorte_jpg,CE,006388,False,False,False
1024,1920,128,1.0,574.8614114963377,105.43872039794921,17.29022728183902,6.048931509781529,153.4051513671875,99.33782958984375,11.0462646484375,True,aceptado,006388_0,recorte_jpg,CE,006388,False,False,False
1152,1920,128,1.0,452.77572030896,107.18215991210937,17.247490313395122,6.0801280038893175,155.6732177734375,101.839599609375,7.50897216796875,True,aceptado,006388_0,recorte_jpg,CE,006388,False,False,False
1280,1920,128,1.0,313.6373756245117,105.66121063232421,15.826256357940672,5.916994245043263,154.36077880859375,99.6578369140625,8.84375,True,aceptado,006388_0,recorte_jpg,CE,006388,False,False,False
1408,1920,128,1.0,290.452450142456,107.86998687744139,14.532833837891085,5.830488656271378,157.8143310546875,102.20916748046875,6.02386474609375,True,aceptado,006388_0,recorte_jpg,CE,006388,False,False,False
1536,1920,128,1.0,408.4106306547851,105.27492987060546,15.040784781329812,5.840471981013478,155.80279541015625,98.33154296875,8.50244140625,True,aceptado,006388_0,recorte_jpg,CE,006388,False,False,False
1664,1920,128,1.0,566.9151813703613,110.04310717773437,21.096701261791143,6.145149110480466,159.595947265625,104.32177734375,9.535400390625,True,aceptado,006388_0,recorte_jpg,CE,006388,False,False,False
1792,1920,128,1.0,214.1156525751953,111.0000028076172,17.20051514735721,6.10516838371854,161.31658935546875,105.49310302734375,7.385009765625,True,aceptado,006388_0,recorte_jpg,CE,006388,False,False,False
1920,1920,128,1.0,301.84371560717767,108.28572900390624,17.267109817939108,5.993350157129545,158.81365966796875,102.13629150390625,7.4249267578125,True,aceptado,006388_0,recorte_jpg,CE,006388,False,False,False
0,0,128,0.9947509765625,4983.53095395337,45.860732421875,64.3067142146176,6.534213788930225,66.40894588293042,38.17137072033378,22.30298196097681,True,aceptado,008e5c_0,recorte_jpg,CE,008e5c,False,True,False
128,0,128,0.89501953125,3874.47270633081,72.43151715087889,84.87846568483906,6.964267878000811,78.51316148390616,42.450490998363335,28.259819967266775,True,aceptado,008e5c_0,recorte_jpg,CE,008e5c,False,False,False
256,0,128,0.941650390625,1900.6281040937497,41.415734375,73.46109352710452,5.6449708115051225,43.107661394866476,22.791353383458645,20.39843142338605,True,aceptado,008e5c_0,recorte_jpg,CE,008e5c,False,True,False
384,0,128,0.9659423828125,2873.738876012085,46.10412774658203,71.51258720120406,5.996588498345564,54.518261089346645,33.99791482370782,24.194932389738405,True,aceptado,008e5c_0,recorte_jpg,CE,008e5c,False,True,False
512,0,128,0.99884033203125,1137.4532224633788,20.509015869140626,37.08475599436201,5.324466578134166,38.105041246562784,13.25523984112435,9.415948670944088,True,aceptado,008e5c_0,recorte_jpg,CE,008e5c,False,True,False
640,0,128,1.0,292.22354038281253,12.342936767578125,23.943819240702826,4.594115722587196,25.40875244140625,6.96722412109375,5.7540283203125,True,aceptado,008e5c_0,recorte_jpg,CE,008e5c,True,True,False
768,0,128,0.99951171875,530.0570922619629,14.154500061035154,32.60059957707324,4.465126112646636,24.303920371275037,10.21452125061065,6.844650708353688,True,aceptado,008e5c_0,recorte_jpg,CE,008e5c,True,True,False
896,0,128,1.0,283.43386224389644,16.794592712402345,29.550781036249557,5.180639281868266,33.17230224609375,10.3758544921875,6.889892578125,True,aceptado,008e5c_0,recorte_jpg,CE,008e5c,True,True,False
1024,0,128,0.96673583984375,3293.1801988347156,57.90665728759765,79.65243697488408,6.440529385071526,66.16869751878275,46.27905802133973,39.82309489235431,True,aceptado,008e5c_0,recorte_jpg,CE,008e5c,False,True,False
1152,0,128,0.86962890625,10116.634676955931,134.61131719970703,82.98275619546982,7.837859086328098,141.3932481751825,111.60745367770915,86.00708871420551,True,aceptado,008e5c_0,recorte_jpg,CE,008e5c,False,False,False
1280,0,128,0.8612060546875,16204.52752662048,157.6111791381836,68.47984881414642,7.8218195252104055,167.73458540042523,136.41920623671155,113.93316796598157,True,aceptado,008e5c_0,recorte_jpg,CE,008e5c,False,False,False
1408,0,128,0.85845947265625,17624.130179933712,167.35454229736325,64.72639082725738,7.738585612821433,171.39018841094915,149.30558123000355,137.53458940632777,True,aceptado,008e5c_0,recorte_jpg,CE,008e5c,False,False,False
1536,0,128,0.55072021484375,12738.35008471411,206.74525238037108,52.52873389342962,6.568170512292629,183.90945361853042,164.61919538956002,175.44087332372825,True,aceptado,008e5c_0,recorte_jpg,CE,008e5c,False,True,True
1792,0,128,0.6204833984375,12018.074211444335,180.42802276611326,71.69494148998486,6.72212519637147,175.48494983277592,124.52213259885895,96.0393468424159,True,aceptado,008e5c_0,recorte_jpg,CE,008e5c,False,False,False
1920,0,128,0.961669921875,15344.684248418822,142.90436138916016,52.95742543169781,7.683036116545047,178.57305153592281,128.766247778624,86.84507489210459,True,aceptado,008e5c_0,recorte_jpg,CE,008e5c,False,False,False
0,128,128,0.48187255859375,773.9233383382568,163.52235345458985,101.08188275332971,4.946295161874593,103.69816339455352,48.96086130462318,52.046611779607346,True,aceptado,008e5c_0,recorte_jpg,CE,008e5c,False,True,True
128,128,128,0.52789306640625,1378.5981072736818,154.6967651977539,101.97105756973515,5.6235927079428425,107.83038501560874,48.947739623077815,42.98300381547,True,aceptado,008e5c_0,recorte_jpg,CE,008e5c,False,True,True
256,128,128,0.5604248046875,867.624638319458,150.02782849121093,102.57904776693792,5.546805912817659,112.18285776519276,50.18351121759965,45.900021781746894,True,aceptado,008e5c_0,recorte_jpg,CE,008e5c,False,True,True
384,128,128,0.66400146484375,1224.7548361152344,119.44353021240234,105.67800645706255,5.925018059733316,93.05018843643717,34.80384226491405,26.254894751355824,True,aceptado,008e5c_0,recorte_jpg,CE,008e5c,False,True,False
512,128,128,0.71588134765625,406.2828706253662,108.54726568603515,99.10313122597343,6.067871485762006,103.58589820104015,29.989086878676783,19.219541307869385,True,aceptado,008e5c_0,recorte_jpg,CE,008e5c,True,True,False
640,128,128,0.69580078125,1242.6290520489501,123.39824682617187,99.55212650437437,6.505231177474775,109.00938596491228,51.219298245614034,33.154649122807015,True,aceptado,008e5c_0,recorte_jpg,CE,008e5c,False,True,False
768,128,128,0.624267578125,2440.8547842706294,136.58859063720703,104.87883840117823,6.051889296293729,94.25655064528745,56.40046929996089,40.38032850997262,True,aceptado,008e5c_0,recorte_jpg,CE,008e5c,False,True,False
896,128,128,0.47039794921875,1810.3493415988767,180.62731134033203,93.9331835228815,5.108685844635442,121.64551706241079,87.67185675360062,87.1310496950824,True,aceptado,008e5c_0,recorte_jpg,CE,008e5c,False,True,True
1024,128,128,0.4102783203125,2780.1734077755123,191.88144390869138,89.32421702956103,4.9495585916272296,124.82549836358227,93.29068729544778,94.14043439452544,True,aceptado,008e5c_0,recorte_jpg,CE,008e5c,False,True,True
1280,128,128,0.69647216796875,9419.198560439942,155.83487506103515,91.2339320554243,7.251022800224685,136.22855139777408,109.9600385592849,78.20103408991324,True,aceptado,008e5c_0,recorte_jpg,CE,008e5c,False,False,False
1408,128,128,0.8468017578125,11147.94695186328,131.89882928466795,83.79987067639681,7.7929713895112425,134.350727980395,105.64473115179473,76.07395127576763,True,aceptado,008e5c_0,recorte_jpg,CE,008e5c,False,False,False
1536,128,128,0.8577880859375,16275.034711880126,154.41732348632812,76.03619642299908,7.832289452906065,157.6226697025758,133.9737441297851,118.22328162800626,True,aceptado,008e5c_0,recorte_jpg,CE,008e5c,False,False,False
1664,128,128,0.67132568359375,14997.712876265623,194.9665393066406,54.52182915659314,7.0938796727474145,185.5966906082371,160.74843167560687,164.33175743249387,True,aceptado,008e5c_0,recorte_jpg,CE,008e5c,False,False,False
1792,128,128,0.626220703125,13241.677559354368,199.3795861816406,54.26189668223332,6.926245245164235,187.1150097465887,160.97027290448344,167.093567251462,True,aceptado,008e5c_0,recorte_jpg,CE,008e5c,False,False,False
1920,128,128,0.74517822265625,14242.23979821533,190.86192523193358,50.66321799298168,7.353933832092646,188.94659677287248,163.8724711278565,172.2218035875174,True,aceptado,008e5c_0,recorte_jpg,CE,008e5c,False,False,False
0,256,128,0.6995849609375,11131.068498429198,152.25336517333983,90.10139402639408,7.23258274938347,143.93805618565696,99.51090560111673,73.56874890943989,True,aceptado,008e5c_0,recorte_jpg,CE,008e5c,False,False,False
128,256,128,0.73760986328125,9371.00811085559,142.3290408935547,89.56084772655505,7.46434304953153,138.63657426561855,93.45626810095159,67.74067025237898,True,aceptado,008e5c_0,recorte_jpg,CE,008e5c,False,False,False
256,256,128,0.65606689453125,11774.106276525878,159.13646020507812,89.99758503062043,6.990225039197588,143.4823704530654,100.91357335566099,74.0466089868825,True,aceptado,008e5c_0,recorte_jpg,CE,008e5c,False,False,False
384,256,128,0.60601806640625,9045.416520868286,162.62291870117187,91.66634142548041,6.782924432594952,138.4310605297613,94.582435290563,66.93665021653742,True,aceptado,008e5c_0,recorte_jpg,CE,008e5c,False,False,False
512,256,128,0.3870849609375,5665.764214122436,198.88744519042967,81.44016267840313,4.896017236908039,143.36376537369915,103.23431094292022,74.57931251970987,True,aceptado,008e5c_0,recorte_jpg,CE,008e5c,False,True,True
1280,256,128,0.56195068359375,8540.106505790038,175.56261206054688,87.49095904762257,6.196805151278559,144.4803953513631,105.95546866514609,82.45172151623764,True,aceptado,008e5c_0,recorte_jpg,CE,008e5c,False,True,True
1408,256,128,0.9105224609375,17600.656335474487,126.38660528564452,76.37242636811835,7.925282611091902,142.72362246949993,107.49423515216517,77.43310095187023,True,aceptado,008e5c_0,recorte_jpg,CE,008e5c,False,False,False
1536,256,128,0.94384765625,18239.39144892749,139.36189306640625,69.40677692585759,7.942014464796462,156.76105794102432,127.93740300051734,97.59176151060528,True,aceptado,008e5c_0,recorte_jpg,CE,008e5c,False,False,False
1664,256,128,0.852783203125,21007.71082450769,170.6719653930664,62.01910784047784,7.681238981970056,174.5185370741483,151.87138562839965,145.87875751503006,True,aceptado,008e5c_0,recorte_jpg,CE,008e5c,False,False,False
1792,256,128,0.76959228515625,16860.315474524046,178.2119012451172,57.89352887107407,7.501636005756003,185.05710206995005,145.18161630581332,147.68062495043222,True,aceptado,008e5c_0,recorte_jpg,CE,008e5c,False,False,False
1920,256,128,0.9237060546875,19338.04134002063,150.43197326660155,64.22515458842811,7.867153654321156,170.0054182635126,134.69135720893354,111.91317563102947,True,aceptado,008e5c_0,recorte_jpg,CE,008e5c,False,False,False
0,384,128,0.799560546875,13217.75924796948,136.9980469970703,84.64577222848597,7.693283490489835,145.54015267175572,98.46076335877862,69.10801526717557,True,aceptado,008e5c_0,recorte_jpg,CE,008e5c,False,False,False
128,384,128,0.78228759765625,11988.780672931396,139.99995190429686,85.13479548291049,7.649853717652622,145.21401263946322,100.04860731840525,64.80455644846688,True,aceptado,008e5c_0,recorte_jpg,CE,008e5c,False,False,False
256,384,128,0.725830078125,9713.7455825791,142.59242163085938,90.08885938613516,7.366824275173091,136.6283215607131,91.48091153716784,63.93348469559368,True,aceptado,008e5c_0,recorte_jpg,CE,008e5c,False,False,False
384,384,128,0.825439453125,10703.836909726928,127.82941802978516,82.80961549079694,7.670330308319489,138.06795326826384,91.73950014788524,59.280981958000595,True,aceptado,008e5c_0,recorte_jpg,CE,008e5c,False,False,False
512,384,128,0.77374267578125,12162.06848765454,142.09381921386716,83.1958511763613,7.6746036310716255,142.24295969077858,101.58176224658831,75.05261497199653,True,aceptado,008e5c_0,recorte_jpg,CE,008e5c,False,False,False
640,384,128,0.9085693359375,14006.42616496118,140.00507733154296,65.86051435057024,7.852295541245832,164.0788660486363,120.2664248286981,82.43631600161225,True,aceptado,008e5c_0,recorte_jpg,CE,008e5c,False,False,False
768,384,128,0.87158203125,10755.419661948852,128.7746044921875,74.24685219455513,7.846389336904556,151.1608543417367,99.6079831932773,65.95735294117647,True,aceptado,008e5c_0,recorte_jpg,CE,008e5c,False,False,False
896,384,128,0.82611083984375,9409.208080981687,144.17675872802732,73.97956013245273,7.7489796252749255,163.488289619505,106.40007388252678,93.61906169190986,True,aceptado,008e5c_0,recorte_jpg,CE,008e5c,False,False,False
1024,384,128,0.712646484375,9170.368227036253,150.74214984130856,85.01103577251696,7.372476238912309,153.96968139773895,95.4050188420692,72.1891058581706,True,aceptado,008e5c_0,recorte_jpg,CE,008e5c,False,False,False
1152,384,128,0.4976806640625,6905.9508861914055,177.49613195800782,91.78447821638484,5.73609325212907,133.41856757419671,90.36497424576895,68.46026490066225,True,aceptado,008e5c_0,recorte_jpg,CE,008e5c,False,True,True
1280,384,128,0.72540283203125,11185.418193553589,145.19285888671874,88.81099608649934,7.323979976523681,135.04602440050485,96.90845603702145,67.94463609591922,True,aceptado,008e5c_0,recorte_jpg,CE,008e5c,False,False,False
1408,384,128,0.8673095703125,8717.930172692992,110.68019439697264,84.29388143415115,7.714976631054973,118.1054890921886,82.5536945812808,50.85066854327938,True,aceptado,008e5c_0,recorte_jpg,CE,008e5c,False,False,False
1536,384,128,0.9542236328125,16959.791124790037,119.88840081787109,71.70459503084871,7.945893186014554,143.17186900345402,106.39305360112576,75.464180631956,True,aceptado,008e5c_0,recorte_jpg,CE,008e5c,False,False,False
1664,384,128,0.88037109375,17702.580498569456,131.37052026367186,83.01437740492574,7.861551971359908,135.35517193566278,111.12409872434831,87.10440931780366,True,aceptado,008e5c_0,recorte_jpg,CE,008e5c,False,False,False
1792,384,128,0.8975830078125,16815.09228484936,151.54341802978516,68.29329162688481,7.846190769556616,167.31517747858018,131.66401468788249,116.68801849585203,True,aceptado,008e5c_0,recorte_jpg,CE,008e5c,False,False,False
1920,384,128,0.8436279296875,18328.486062178952,175.08718115234376,54.999691641823766,7.593399771215335,183.87621183620317,152.99602083634784,153.48509622341194,True,aceptado,008e5c_0,recorte_jpg,CE,008e5c,False,False,False
0,512,128,0.90924072265625,15098.886907190428,148.28820440673826,65.35760428949851,7.867725053763407,167.14512989192454,130.23393971940658,105.90192656239512,True,aceptado,008e5c_0,recorte_jpg,CE,008e5c,False,False,False
128,512,128,0.939697265625,16286.575064908688,121.61445104980467,68.43761143844948,7.907622667031847,149.13802286308132,104.29605092231749,68.54767472070668,True,aceptado,008e5c_0,recorte_jpg,CE,008e5c,False,False,False
256,512,128,0.9014892578125,17941.735547818844,137.19389916992188,72.03696264297096,7.931139827377057,150.04888287068383,118.1949221394719,96.11069735951253,True,aceptado,008e5c_0,recorte_jpg,CE,008e5c,False,False,False
384,512,128,0.86468505859375,18567.7162529779,158.78786541748048,65.63331663462694,7.774369427112538,166.21472435942684,138.23660619750123,123.28594621303029,True,aceptado,008e5c_0,recorte_jpg,CE,008e5c,False,False,False
512,512,128,0.89459228515625,14328.709874662474,163.9159658203125,57.848131648204856,7.674030369041127,176.11455277341884,146.81872143003343,134.48509244729482,True,aceptado,008e5c_0,recorte_jpg,CE,008e5c,False,False,False
640,512,128,0.873779296875,15944.790865100218,150.99702740478514,67.25415079389053,7.808385718589715,164.3449986029617,128.91715563006426,105.69621402626431,True,aceptado,008e5c_0,recorte_jpg,CE,008e5c,False,False,False
768,512,128,0.82098388671875,12379.936833385618,145.4115874633789,73.2099258961191,7.675106540949263,159.88023195301466,112.72663742472679,74.22905360196268,True,aceptado,008e5c_0,recorte_jpg,CE,008e5c,False,False,False
896,512,128,0.843505859375,9552.974819982664,127.72795269775389,78.0466778775931,7.715176023374119,150.11251808972503,91.70376266280752,56.226049204052096,True,aceptado,008e5c_0,recorte_jpg,CE,008e5c,False,False,False
1024,512,128,0.92938232421875,12907.032124442869,117.99450274658201,74.69326787949457,7.858472900637238,151.09036579759638,95.32429237538582,62.49707755959808,True,aceptado,008e5c_0,recorte_jpg,CE,008e5c,False,False,False
1152,512,128,0.87518310546875,13456.654527515868,130.39347686767576,77.28053883295169,7.880287834039635,151.69725922309786,102.33140386358882,72.78059836808704,True,aceptado,008e5c_0,recorte_jpg,CE,008e5c,False,False,False
1280,512,128,0.87176513671875,14316.939047833373,136.6289762573242,74.94695610484754,7.885796645908839,154.00833158300077,110.46306798291675,81.63614086676469,True,aceptado,008e5c_0,recorte_jpg,CE,008e5c,False,False,False
1408,512,128,0.84930419921875,13896.772227892821,128.1286123046875,84.10572932542935,7.801303535519136,134.0189723320158,98.67481135465326,77.42220625224577,True,aceptado,008e5c_0,recorte_jpg,CE,008e5c,False,False,False
1536,512,128,0.83770751953125,16489.30934346826,161.23604595947265,69.35377642648078,7.779614708890396,163.38703096539163,138.9025136612022,126.50848816029144,True,aceptado,008e5c_0,recorte_jpg,CE,008e5c,False,False,False
1664,512,128,0.89593505859375,20868.29430810095,149.1395373535156,70.26369596558878,7.891496558758002,162.4505756522924,129.45657061107704,117.24374957422168,True,aceptado,008e5c_0,recorte_jpg,CE,008e5c,False,False,False
1792,512,128,0.91424560546875,22228.907545720336,135.47540124511718,77.49064773745222,7.93256109211323,149.00473996929034,118.9326390279725,94.72808598704853,True,aceptado,008e5c_0,recorte_jpg,CE,008e5c,False,False,False
1920,512,128,0.90081787109375,19705.30302231079,166.14857849121094,58.21984414671545,7.6904602261617505,180.34670370621316,148.9451859882106,142.87946337827765,True,aceptado,008e5c_0,recorte_jpg,CE,008e5c,False,False,False
0,640,128,0.96343994140625,17283.04723778589,124.91959539794922,62.517675175178546,7.871548935926444,155.7002850807729,111.9911308203991,70.59075071270193,True,aceptado,008e5c_0,recorte_jpg,CE,008e5c,False,False,False
128,640,128,0.827392578125,15534.155879053098,161.94071990966796,67.4658431747386,7.705751837886165,167.19135438182354,136.62643847742697,119.06572735320154,True,aceptado,008e5c_0,recorte_jpg,CE,008e5c,False,False,False
256,640,128,0.755859375,14589.874115710936,152.55926892089843,79.25930468495343,7.5599066385104186,149.9483204134367,113.25226098191214,84.27915051679587,True,aceptado,008e5c_0,recorte_jpg,CE,008e5c,False,False,False
384,640,128,0.69390869140625,13701.045162677125,174.82239550781247,72.77562024539367,7.217496765233241,163.6532676576656,133.41577975195707,120.91221743337145,True,aceptado,008e5c_0,recorte_jpg,CE,008e5c,False,False,False
512,640,128,0.91119384765625,19374.521561553833,144.5436047973633,67.57188646879366,7.894677917021782,162.1182932547391,126.12994842253332,104.83682765088083,True,aceptado,008e5c_0,recorte_jpg,CE,008e5c,False,False,False
640,640,128,0.96966552734375,16720.755400203856,135.53833605957033,63.10984531435379,7.861680510712439,163.1874488575565,121.82539182979795,104.22653742053251,True,aceptado,008e5c_0,recorte_jpg,CE,008e5c,False,False,False
768,640,128,0.86578369140625,10924.69728133435,120.04479522705077,82.78390549375494,7.764684340794096,136.69072964399012,89.64836094465986,58.46048642932676,True,aceptado,008e5c_0,recorte_jpg,CE,008e5c,False,False,False
896,640,128,0.9451904296875,11860.690349078002,109.63220886230468,74.80665039903727,7.8151400927725785,141.14781092599767,90.63412114167636,55.151685393258425,True,aceptado,008e5c_0,recorte_jpg,CE,008e5c,False,False,False
1024,640,128,0.9427490234375,14414.472512174803,110.87522229003905,77.69524792580053,7.8573695454945565,135.85413699339634,94.17350770426,59.28460442833096,True,aceptado,008e5c_0,recorte_jpg,CE,008e5c,False,False,False
1152,640,128,0.91595458984375,17598.752467538936,134.8295993041992,76.03773431180716,7.949206904981528,151.189111747851,117.104951022856,94.26580928899847,True,aceptado,008e5c_0,recorte_jpg,CE,008e5c,False,False,False
1280,640,128,0.9451904296875,18247.76773843408,121.58483496093748,76.40628053987588,7.931324651491883,143.93897714064317,107.0811055146584,74.61797752808988,True,aceptado,008e5c_0,recorte_jpg,CE,008e5c,False,False,False
1408,640,128,0.91827392578125,17172.129191960325,129.4095888671875,78.85921674951406,7.934234641729274,144.74037886340977,112.99534729145896,83.0028580923895,True,aceptado,008e5c_0,recorte_jpg,CE,008e5c,False,False,False
1536,640,128,0.8924560546875,16820.287794135133,153.0480256958008,67.79162098570889,7.838853445815401,163.2948980987553,135.42668581589385,118.94966488852414,True,aceptado,008e5c_0,recorte_jpg,CE,008e5c,False,False,False
1664,640,128,0.93353271484375,18607.294040209348,135.65363787841795,70.27402460275897,7.944307288194063,156.11408957175547,119.64132069303695,96.5497875122589,True,aceptado,008e5c_0,recorte_jpg,CE,008e5c,False,False,False
1792,640,128,0.94500732421875,20072.78635398193,129.03176599121093,76.8190861832198,7.941205635583968,147.94296970871278,116.32919976748693,85.60530904863398,True,aceptado,008e5c_0,recorte_jpg,CE,008e5c,False,False,False
1920,640,128,0.96014404296875,22421.8754246593,124.17376916503906,75.83054994884401,7.9286144053434615,147.98601487508742,112.2640010171,79.06325090585469,True,aceptado,008e5c_0,recorte_jpg,CE,008e5c,False,False,False
0,768,128,0.9061279296875,16582.8993734967,130.73497589111327,75.84980145197751,7.91793360377061,147.08608379361445,110.40623737033545,87.16368045264717,True,aceptado,008e5c_0,recorte_jpg,CE,008e5c,False,False,False
128,768,128,0.89453125,15973.578284321531,149.2136442871094,64.13738141007008,7.842307321924791,166.72564137554585,128.9375,107.09852620087337,True,aceptado,008e5c_0,recorte_jpg,CE,008e5c,False,False,False
256,768,128,0.92938232421875,17499.035507146116,112.0565694580078,79.7068898101481,7.8546184423739245,128.48039666382084,96.2171800091942,61.391015958494776,True,aceptado,008e5c_0,recorte_jpg,CE,008e5c,False,False,False
384,768,128,0.880859375,14256.428243868408,113.46393884277342,84.23695877430661,7.733833243390968,122.85629157427938,87.96708702882484,58.579199002217294,True,aceptado,008e5c_0,recorte_jpg,CE,008e5c,False,False,False
512,768,128,0.44073486328125,6747.174351256224,189.0678088378906,86.64766444978196,5.520420337762082,133.99875363523057,98.96399390666113,80.0758897659604,True,aceptado,008e5c_0,recorte_jpg,CE,008e5c,False,True,True
640,768,128,0.61090087890625,10063.110302150511,172.39841802978515,82.85750577549051,6.911947937613335,151.2246977720052,111.45588969927066,96.92326905784793,True,aceptado,008e5c_0,recorte_jpg,CE,008e5c,False,False,False
768,768,128,0.755859375,8482.817206989623,132.30034545898437,92.37355370383432,7.371292539336213,127.81774870801034,83.68620801033592,57.32445090439276,True,aceptado,008e5c_0,recorte_jpg,CE,008e5c,False,False,False
896,768,128,0.84295654296875,11133.757801818723,122.33292468261719,86.9737212017557,7.689315008243901,130.81217869813918,90.01035406559988,60.35529650278763,True,aceptado,008e5c_0,recorte_jpg,CE,008e5c,False,False,False
1024,768,128,0.9573974609375,17431.409830551755,99.36893682861327,80.13528261987499,7.743176899163587,118.08651026392963,86.78471248246845,58.12864975137065,True,aceptado,008e5c_0,recorte_jpg,CE,008e5c,False,False,False
1152,768,128,0.9512939453125,18869.649344053832,111.69039105224608,80.561011728264,7.8528074414217,129.66226100346464,98.31079173617348,73.53265751315283,True,aceptado,008e5c_0,recorte_jpg,CE,008e5c,False,False,False
1280,768,128,0.93115234375,20205.32132126611,122.10306805419921,81.13979929318187,7.900383524440155,135.19336654431044,107.57085736759308,82.94225222863136,True,aceptado,008e5c_0,recorte_jpg,CE,008e5c,False,False,False
1408,768,128,0.89752197265625,19750.67028380505,137.21598095703123,80.05921640814525,7.911238821963851,144.87310438626318,119.44046242774566,100.82339340360421,True,aceptado,008e5c_0,recorte_jpg,CE,008e5c,False,False,False
1536,768,128,0.8641357421875,17162.906312373776,146.9457169799805,77.78277988288202,7.880330606071135,151.1823703912982,126.37575928803503,105.16979799406695,True,aceptado,008e5c_0,recorte_jpg,CE,008e5c,False,False,False
1664,768,128,0.865966796875,15714.702453681151,146.12960711669922,75.54789997406986,7.897686412858831,155.43994925288976,123.46574570059205,102.56857908091345,True,aceptado,008e5c_0,recorte_jpg,CE,008e5c,False,False,False
1792,768,128,0.8997802734375,16362.639293318358,132.0934575805664,74.01731402216852,7.925396915232556,153.75505358838691,109.84805318138652,77.99599782933116,True,aceptado,008e5c_0,recorte_jpg,CE,008e5c,False,False,False
1920,768,128,0.95556640625,15866.49084207678,116.21158026123047,72.05163243627675,7.893632958918351,148.1496550843127,100.38400613183444,60.9274399591211,True,aceptado,008e5c_0,recorte_jpg,CE,008e5c,False,False,False
0,896,128,0.94036865234375,16597.143990551755,125.20493334960936,69.17161854218945,7.92631394538417,148.95463101187772,110.66690465372882,70.60784059193873,True,aceptado,008e5c_0,recorte_jpg,CE,008e5c,False,False,False
128,896,128,0.81097412109375,15538.027521768676,164.6461119995117,65.32075174504227,7.714812357784209,173.7678934296681,136.19695943403326,117.35975013170768,True,aceptado,008e5c_0,recorte_jpg,CE,008e5c,False,False,False
256,896,128,0.966064453125,19076.789653011474,108.63659796142578,71.94953192031068,7.8824294762099765,134.25031589588073,97.092431134698,58.71651503664392,True,aceptado,008e5c_0,recorte_jpg,CE,008e5c,False,False,False
384,896,128,0.982421875,18969.546283926753,98.31456127929687,69.27729765331514,7.780623594041051,128.53460487077535,87.64078031809144,50.940357852882705,True,aceptado,008e5c_0,recorte_jpg,CE,008e5c,False,False,False
512,896,128,0.89501953125,17264.237361923093,150.02587738037107,70.15968590268936,7.88379456043006,160.2192444080742,132.81321603927987,114.16230223677032,True,aceptado,008e5c_0,recorte_jpg,CE,008e5c,False,False,False
640,896,128,0.87109375,15130.612921444335,137.24405700683593,75.98618392675992,7.899815416227381,149.65625,112.78650504484305,87.1947869955157,True,aceptado,008e5c_0,recorte_jpg,CE,008e5c,False,False,False
768,896,128,0.90264892578125,13270.528183989623,112.78242395019531,79.7695996122981,7.765155979267182,133.07552910947325,88.56954493204408,57.20907431198864,True,aceptado,008e5c_0,recorte_jpg,CE,008e5c,False,False,False
896,896,128,0.95220947265625,14663.910446707274,101.21827569580077,74.88747370163169,7.766319086234059,127.3377988590475,84.89378885968848,52.97089930132684,True,aceptado,008e5c_0,recorte_jpg,CE,008e5c,False,False,False
1024,896,128,0.95330810546875,18115.48344823413,111.1371206665039,76.75694399093346,7.8881592818581785,132.30046737947373,97.47807157948652,67.7775145655932,True,aceptado,008e5c_0,recorte_jpg,CE,008e5c,False,False,False
1152,896,128,0.93206787109375,20974.005607594725,139.77091778564454,71.90147631136426,7.931259200435518,156.6726475018008,123.55327090563814,112.39394931569642,True,aceptado,008e5c_0,recorte_jpg,CE,008e5c,False,False,False
1280,896,128,0.91876220703125,17746.913293978756,153.069616027832,68.75016511188599,7.819436765254282,166.12349697734672,137.58778980934034,127.57583206005448,True,aceptado,008e5c_0,recorte_jpg,CE,008e5c,False,False,False
1408,896,128,0.8494873046875,18559.999241181762,167.10239544677734,64.86491400102152,7.741825629402705,170.00869377784164,147.66748095990803,139.29005604253484,True,aceptado,008e5c_0,recorte_jpg,CE,008e5c,False,False,False
1536,896,128,0.87628173828125,16539.134321706297,159.90361639404296,68.19132830803657,7.793686367505517,165.74507209026956,142.98753221425088,126.45524831092847,True,aceptado,008e5c_0,recorte_jpg,CE,008e5c,False,False,False
1664,896,128,0.85760498046875,16832.40177078271,168.9955899658203,59.652548974894884,7.705628120281962,177.015799587218,150.06156145470072,136.25798875524873,True,aceptado,008e5c_0,recorte_jpg,CE,008e5c,False,False,False
1792,896,128,0.9298095703125,15418.405069191527,140.36347869873046,67.20571423924741,7.918287119042838,166.6729683602468,123.35479847709072,89.9761060785086,True,aceptado,008e5c_0,recorte_jpg,CE,008e5c,False,False,False
1920,896,128,0.89813232421875,16019.94282361218,130.6371292114258,76.88515890104051,7.895632928373636,152.61957186544342,108.60665987088005,71.66714237172953,True,aceptado,008e5c_0,recorte_jpg,CE,008e5c,False,False,False
0,1024,128,0.45880126953125,9473.752737230956,202.95002490234373,68.21378817689286,5.580457633400467,174.98988958361048,132.57922043368364,119.39616868431555,True,aceptado,008e5c_0,recorte_jpg,CE,008e5c,False,True,True
128,1024,128,0.26953125,4959.388974044433,230.7941046142578,45.05434828094479,4.578516837528797,187.12454710144928,164.62930253623188,170.93251811594203,True,aceptado,008e5c_0,recorte_jpg,CE,008e5c,False,True,True
256,1024,128,0.48126220703125,10009.43749882556,201.26215979003905,69.25608435623465,6.0291374092321925,170.4857324032974,138.33519340519976,125.10627774254914,True,aceptado,008e5c_0,recorte_jpg,CE,008e5c,False,True,True
384,1024,128,0.91705322265625,17505.905799854856,126.23936920166015,74.4914101984582,7.9046005465483855,149.48439267886855,106.40386023294509,69.88479201331114,True,aceptado,008e5c_0,recorte_jpg,CE,008e5c,False,False,False
512,1024,128,0.90234375,18295.136250446412,148.94378155517578,67.52634599880274,7.898073929559315,164.77198322510822,130.9589420995671,108.78537608225108,True,aceptado,008e5c_0,recorte_jpg,CE,008e5c,False,False,False
640,1024,128,0.82916259765625,15643.909993719113,178.57182507324217,55.223951824886534,7.567447828818689,180.02304011777696,159.00080971659918,157.18395288921604,True,aceptado,008e5c_0,recorte_jpg,CE,008e5c,False,False,False
768,1024,128,0.95294189453125,16897.68345534253,125.13694018554688,67.78451903321775,7.915426328649246,155.44341254083136,108.76180106321655,77.9611221418049,True,aceptado,008e5c_0,recorte_jpg,CE,008e5c,False,False,False
896,1024,128,0.97003173828125,15076.534884152707,111.1143985595703,70.15583910074696,7.888006710130717,142.34254074120682,97.20310828666709,64.08582394764991,True,aceptado,008e5c_0,recorte_jpg,CE,008e5c,False,False,False
1024,1024,128,0.767333984375,14699.602941973997,177.7088910522461,60.603987264393794,7.5641791909882485,178.17149220489978,147.68071905822464,148.4197422844416,True,aceptado,008e5c_0,recorte_jpg,CE,008e5c,False,False,False
1152,1024,128,0.81903076171875,14974.89375517932,167.50577697753909,67.11265502527226,7.6980318964222985,173.52984574111335,140.06610030553693,137.01468067665252,True,aceptado,008e5c_0,recorte_jpg,CE,008e5c,False,False,False
1280,1024,128,0.94281005859375,17019.851899015623,149.18148254394532,61.99594632995761,7.844708740010244,170.3999482100084,134.7318573185732,117.16987117239593,True,aceptado,008e5c_0,recorte_jpg,CE,008e5c,False,False,False
1408,1024,128,0.8262939453125,14769.02871269702,163.20079913330076,71.16364276291795,7.75571404006854,162.74102526222484,140.72617816516473,126.5350864234008,True,aceptado,008e5c_0,recorte_jpg,CE,008e5c,False,False,False
1536,1024,128,0.843994140625,11096.825952263549,150.27492260742187,75.74208008514329,7.836950518919905,153.41806479606595,126.06334972519525,109.48459647092855,True,aceptado,008e5c_0,recorte_jpg,CE,008e5c,False,False,False
1664,1024,128,0.8968505859375,9035.756978519043,122.26772589111329,78.7892139149318,7.9032208267777895,139.3438818565401,97.99380699605281,76.84156798693344,True,aceptado,008e5c_0,recorte_jpg,CE,008e5c,False,False,False
1792,1024,128,0.93328857421875,4280.6634506115715,72.31510784912109,77.63411039355955,7.216227658022611,100.84226015303119,44.06389379373488,32.50062128049179,True,aceptado,008e5c_0,recorte_jpg,CE,008e5c,False,False,False
1920,1024,128,0.9544677734375,4053.0419400582273,83.19034729003906,68.50175790002169,7.53299319772183,124.9933495331884,56.83578462719018,40.46444558127638,True,aceptado,008e5c_0,recorte_jpg,CE,008e5c,False,False,False
512,1152,128,0.30145263671875,7329.2001127628155,227.11519323730468,48.614260978384735,4.51764025396543,186.50273334683135,157.9819801579267,165.90625632719173,True,aceptado,008e5c_0,recorte_jpg,CE,008e5c,False,True,True
640,1152,128,0.46197509765625,11527.106572673703,209.7698042602539,57.6680710562628,6.270283934191413,177.34694147179283,155.32434931959307,159.4176245210728,True,aceptado,008e5c_0,recorte_jpg,CE,008e5c,False,True,True
768,1152,128,0.74652099609375,14141.318097677122,186.40282489013669,55.77683522552445,7.403588150614409,184.25909574033193,158.00825770582944,156.63044722426622,True,aceptado,008e5c_0,recorte_jpg,CE,008e5c,False,False,False
896,1152,128,0.79022216796875,15971.920958680663,173.31973797607424,62.27857010136483,7.610417106623354,178.80899049972967,143.07994129914266,141.2660075693211,True,aceptado,008e5c_0,recorte_jpg,CE,008e5c,False,False,False
1024,1152,128,0.5416259765625,11838.632999046507,203.46799499511718,58.301677857523245,6.582148256411017,183.19123281496508,152.9859139057922,165.44703628577867,True,aceptado,008e5c_0,recorte_jpg,CE,008e5c,False,False,True
1152,1152,128,0.95013427734375,18534.0857917124,141.9049100341797,65.30411624139806,7.903852583897684,167.9197661720306,126.03102717286568,108.23145114665638,True,aceptado,008e5c_0,recorte_jpg,CE,008e5c,False,False,False
1280,1152,128,0.9453125,14163.982042427851,129.90991644287112,70.61339412230834,7.9338743081644765,155.9764979338843,112.40637913223141,92.51168646694215,True,aceptado,008e5c_0,recorte_jpg,CE,008e5c,False,False,False
1408,1152,128,0.92718505859375,12542.663229251708,143.42823236083984,67.93166427730893,7.9090225533460865,161.22263182147324,126.8818379303535,112.07280626686854,True,aceptado,008e5c_0,recorte_jpg,CE,008e5c,False,False,False
1536,1152,128,0.93658447265625,12851.143624063108,137.66664892578123,71.59632414265604,7.8769028599086335,154.51417399804495,121.62652329749103,113.38840013033561,True,aceptado,008e5c_0,recorte_jpg,CE,008e5c,False,False,False
1664,1152,128,0.7467041015625,12266.64813253381,153.05728686523437,86.66886054728047,7.489800124234914,142.20156939676312,114.82671244073893,87.8875265653098,True,aceptado,008e5c_0,recorte_jpg,CE,008e5c,False,False,False
1792,1152,128,0.7498779296875,9056.623600907347,143.4583779296875,89.43342129202696,7.496051316734581,134.84852677844702,100.86163112485757,74.60377665635683,True,aceptado,008e5c_0,recorte_jpg,CE,008e5c,False,False,False
1920,1152,128,0.78887939453125,9237.762671631346,155.19829431152343,75.24754166218374,7.716001786365795,165.61021276595744,118.53872340425532,97.12100580270793,True,aceptado,008e5c_0,recorte_jpg,CE,008e5c,False,False,False
1024,1280,128,0.83599853515625,20177.84459436621,177.27941619873047,56.60798449396454,7.591286643145154,184.53157625757464,154.21172519529824,161.89596261955174,True,aceptado,008e5c_0,recorte_jpg,CE,008e5c,False,False,False
1152,1280,128,0.9010009765625,17246.846858320678,157.5477275390625,63.58802549445957,7.814747668715205,172.65370545996478,139.83423655331256,125.8309172198889,True,aceptado,008e5c_0,recorte_jpg,CE,008e5c,False,False,False
1280,1280,128,0.9454345703125,16584.80749347754,142.3551969604492,68.01179355701663,7.909877927265486,161.6958037443512,129.9245319561007,104.62775984506133,True,aceptado,008e5c_0,recorte_jpg,CE,008e5c,False,False,False
1408,1280,128,0.9217529296875,18467.107319230345,163.88391308593748,56.220996997592756,7.685381814747633,179.81148192292412,148.7451993113495,141.28651834194147,True,aceptado,008e5c_0,recorte_jpg,CE,008e5c,False,False,False
1536,1280,128,0.822998046875,19759.116692531003,146.98473785400392,78.986540918618,7.813050541598003,148.98435182438445,118.86828834173836,95.59633639869475,True,aceptado,008e5c_0,recorte_jpg,CE,008e5c,False,False,False
1664,1280,128,0.77191162109375,18918.791072529908,138.86412817382814,90.22972985663738,7.617207470907158,123.84565509607022,103.52115126116865,77.98869297066499,True,aceptado,008e5c_0,recorte_jpg,CE,008e5c,False,False,False
1792,1280,128,0.916259765625,17816.84135823718,128.76177227783202,77.68031307306711,7.925742184285429,145.7550626165734,111.76851851851852,78.00965893951505,True,aceptado,008e5c_0,recorte_jpg,CE,008e5c,False,False,False
1920,1280,128,0.79766845703125,12793.042960415527,140.6666829223633,84.55764976137489,7.685746238501167,143.83587114545873,105.43140255566608,74.09143775346239,True,aceptado,008e5c_0,recorte_jpg,CE,008e5c,False,False,False
1024,1408,128,0.9510498046875,20095.732104272705,145.1270541381836,60.6319920815592,7.84877563626476,176.43794121422152,128.176357335387,105.24066230265692,True,aceptado,008e5c_0,recorte_jpg,CE,008e5c,False,False,False
1152,1408,128,0.91363525390625,18832.80737411682,155.28675689697263,62.10721066160483,7.8274951976749545,174.38372636782685,137.4757832854566,123.74787894982965,True,aceptado,008e5c_0,recorte_jpg,CE,008e5c,False,False,False
1280,1408,128,0.87103271484375,18450.293080930052,170.1269639892578,58.977757655283355,7.648139499559328,177.20762385256813,151.11029360241048,154.5684254782426,True,aceptado,008e5c_0,recorte_jpg,CE,008e5c,False,False,False
1408,1408,128,0.91748046875,17128.544534120603,132.94568615722656,71.04287643919618,7.929686986800973,157.39701969132517,110.62134113890367,93.21174827035657,True,aceptado,008e5c_0,recorte_jpg,CE,008e5c,False,False,False
1536,1408,128,0.78399658203125,19057.532387647825,151.76233258056638,82.605977410508,7.701268257689128,143.97555469054106,120.7950175165434,97.2491241728299,True,aceptado,008e5c_0,recorte_jpg,CE,008e5c,False,False,False
1664,1408,128,0.80072021484375,20114.18894840149,140.9273076171875,87.5414575240492,7.7113812696820885,131.3603933226618,110.67749066239804,87.58259013644333,True,aceptado,008e5c_0,recorte_jpg,CE,008e5c,False,False,False
1792,1408,128,0.88153076171875,19188.804961863527,156.2651311035156,68.4856310751701,7.849133437279582,165.0976251471301,137.96136536730597,123.58678944817558,True,aceptado,008e5c_0,recorte_jpg,CE,008e5c,False,False,False
1920,1408,128,0.88299560546875,14335.951880227414,132.49845001220703,79.91762092595056,7.884835323633428,145.86991083154766,110.11923688394276,79.22209165687427,True,aceptado,008e5c_0,recorte_jpg,CE,008e5c,False,False,False
0,1536,128,0.4307861328125,9417.154557007569,219.9557762451172,48.25045422299615,5.457297771949673,190.31198639841315,170.42618305468972,183.2594219325588,True,aceptado,008e5c_0,recorte_jpg,CE,008e5c,False,True,True
128,1536,128,0.8404541015625,19786.768258076656,186.05677001953126,49.562710663217906,7.362573417971564,190.138489469862,166.60944081336237,181.50275962236748,True,aceptado,008e5c_0,recorte_jpg,CE,008e5c,False,False,False
256,1536,128,0.84918212890625,24183.534755571287,173.1928776245117,61.52303677305092,7.652565205533503,177.4828577589305,152.78545245453893,158.0741752317976,True,aceptado,008e5c_0,recorte_jpg,CE,008e5c,False,False,False
384,1536,128,0.73272705078125,18711.954067960203,193.87309704589842,52.48745919521994,7.276407943299587,186.9750104123282,168.62757184506455,175.21116201582674,True,aceptado,008e5c_0,recorte_jpg,CE,008e5c,False,False,False
512,1536,128,0.77496337890625,17574.735951545408,198.50312426757813,41.408401115154305,7.1142428433914695,198.33031424746002,177.81767346617312,185.42348586280224,True,aceptado,008e5c_0,recorte_jpg,CE,008e5c,False,False,False
640,1536,128,0.32525634765625,9485.971461127927,227.48840563964842,45.07150021393967,4.572898143111981,186.68887220866955,169.30737474197787,174.35485081628823,True,aceptado,008e5c_0,recorte_jpg,CE,008e5c,False,True,True
1024,1536,128,0.3369140625,6149.71581374829,227.1799598388672,42.95812983610009,4.632167524146218,202.13731884057972,163.7519927536232,171.89257246376812,True,aceptado,008e5c_0,recorte_jpg,CE,008e5c,False,True,True
1152,1536,128,0.8074951171875,16339.844353991211,184.7161036376953,51.85811752940286,7.4413979153798415,187.80990173847317,162.5991685563114,162.92781557067272,True,aceptado,008e5c_0,recorte_jpg,CE,008e5c,False,False,False
1280,1536,128,0.84515380859375,17940.629406755244,176.44905065917968,57.77740307611168,7.580120042847117,180.33595724705714,156.80371199537805,159.42637394381455,True,aceptado,008e5c_0,recorte_jpg,CE,008e5c,False,False,False
1408,1536,128,0.89385986328125,20241.58337874951,168.91926989746094,56.3032489161435,7.653545942178925,180.21229088426085,151.8348241720724,149.5676340047798,True,aceptado,008e5c_0,recorte_jpg,CE,008e5c,False,False,False
1536,1536,128,0.8973388671875,20374.14496162634,155.17707513427735,67.72069641587734,7.84625703740058,165.63351924908176,138.1642633655285,126.26268534893212,True,aceptado,008e5c_0,recorte_jpg,CE,008e5c,False,False,False
1664,1536,128,0.94073486328125,19958.716448469357,148.1519926147461,61.089181585528536,7.843025772878817,172.05469408940505,132.00142736650878,115.89593200544995,True,aceptado,008e5c_0,recorte_jpg,CE,008e5c,False,False,False
1792,1536,128,0.831787109375,20350.140743384276,183.26068157958983,49.5811686809263,7.429402476441221,183.20171705312592,164.831963604344,171.8839888464925,True,aceptado,008e5c_0,recorte_jpg,CE,008e5c,False,False,False
1920,1536,128,0.86871337890625,15768.267235897458,170.0112344970703,56.58203408458153,7.637973870325389,179.57169957141852,149.8363661912457,151.7850066746294,True,aceptado,008e5c_0,recorte_jpg,CE,008e5c,False,False,False
0,1664,128,0.83709716796875,16440.122793151488,179.52735424804686,55.14728440883284,7.524933523744698,186.38155304411228,157.68034998177177,162.25227852716003,True,aceptado,008e5c_0,recorte_jpg,CE,008e5c,False,False,False
128,1664,128,0.9140625,19902.206048404783,166.04066650390627,58.40659583365427,7.683032468857237,179.98778044871796,150.34748931623932,147.0919471153846,True,aceptado,008e5c_0,recorte_jpg,CE,008e5c,False,False,False
256,1664,128,0.9161376953125,23698.19980504016,142.5908247680664,71.28824877985932,7.931350203285213,157.6560293137908,124.83204530313125,113.54663557628248,True,aceptado,008e5c_0,recorte_jpg,CE,008e5c,False,False,False
384,1664,128,0.9412841796875,24246.42363704541,133.71869195556638,71.95737840707011,7.958628865515442,151.91667747373882,119.5951886914797,98.4804175852678,True,aceptado,008e5c_0,recorte_jpg,CE,008e5c,False,False,False
512,1664,128,0.91259765625,24961.056789828857,144.5944349975586,72.73114757554738,7.921291647306921,156.12640449438203,128.27949438202248,115.35801230604602,True,aceptado,008e5c_0,recorte_jpg,CE,008e5c,False,False,False
640,1664,128,0.83636474609375,22491.279085883663,173.61454193115233,62.0163592409929,7.6403069014807725,175.5415602422827,152.47807049551193,157.96628475516312,True,aceptado,008e5c_0,recorte_jpg,CE,008e5c,False,False,False
768,1664,128,0.44830322265625,12531.345460842163,217.76720166015625,47.140048395242374,5.871354374862062,189.8643975493533,170.07760381211708,178.57808032675288,True,aceptado,008e5c_0,recorte_jpg,CE,008e5c,False,True,True
1152,1664,128,0.2733154296875,6141.654375610351,233.03719049072265,39.07387235176832,4.218870290756309,190.7815989280929,174.6279589102278,184.27534613666816,True,aceptado,008e5c_0,recorte_jpg,CE,008e5c,False,True,True
1280,1664,128,0.80462646484375,18379.819445138666,186.6258868408203,51.57204420709558,7.388937160006826,184.11461731017218,166.39368884169005,177.3236744291891,True,aceptado,008e5c_0,recorte_jpg,CE,008e5c,False,False,False
1408,1664,128,0.90032958984375,18833.648806987792,166.50179913330078,57.92091437278645,7.685894884748853,181.7796081621585,147.65480306419903,148.98820418954648,True,aceptado,008e5c_0,recorte_jpg,CE,008e5c,False,False,False
1536,1664,128,0.89471435546875,20401.5325802572,164.6287666015625,58.665489833198436,7.722592265126338,176.14202878777542,147.8622689132956,139.79302817381813,True,aceptado,008e5c_0,recorte_jpg,CE,008e5c,False,False,False
1664,1664,128,0.89129638671875,18294.885307188233,165.05173638916017,59.74189280365951,7.725757497424344,176.84393617749777,147.70848455796755,140.3077449839074,True,aceptado,008e5c_0,recorte_jpg,CE,008e5c,False,False,False
1792,1664,128,0.8282470703125,17479.11125043445,188.57873663330076,44.00825598994632,7.281953973378905,188.7042004421518,170.66484893146648,181.43264554163596,True,aceptado,008e5c_0,recorte_jpg,CE,008e5c,False,False,False
1920,1664,128,0.8206787109375,17000.56377075366,189.1997924194336,44.564715707213466,7.257722417396074,189.05347315186674,170.22028856165403,184.88055927413356,True,aceptado,008e5c_0,recorte_jpg,CE,008e5c,False,False,False
0,1792,128,0.88134765625,15657.946266721556,178.87694012451172,48.87535450431037,7.452872826614589,189.39896121883658,161.41059556786703,165.9992382271468,True,aceptado,008e5c_0,recorte_jpg,CE,008e5c,False,False,False
128,1792,128,0.84417724609375,18329.77292409399,167.41353100585937,66.09646023951834,7.7357101019898415,170.86016918516376,146.61470609500398,141.12486443496493,True,aceptado,008e5c_0,recorte_jpg,CE,008e5c,False,False,False
256,1792,128,0.94793701171875,18807.448163038327,128.2037403564453,71.41362321129893,7.949463473797646,151.7292511750692,113.62597385873414,85.40615543107334,True,aceptado,008e5c_0,recorte_jpg,CE,008e5c,False,False,False
384,1792,128,0.958251953125,19732.36774175476,115.11421307373047,73.06948238054926,7.906421594916191,140.65464968152867,101.82745222929937,66.85929936305733,True,aceptado,008e5c_0,recorte_jpg,CE,008e5c,False,False,False
512,1792,128,0.92449951171875,18717.00122372534,123.17800256347655,76.87205047175262,7.904244773008472,141.93140555885654,106.4707862943157,71.99933980326138,True,aceptado,008e5c_0,recorte_jpg,CE,008e5c,False,False,False
640,1792,128,0.9564208984375,19483.667195986447,122.35799713134764,73.3367448743537,7.936669349275676,144.8008296107211,111.21940012763241,71.58876834716018,True,aceptado,008e5c_0,recorte_jpg,CE,008e5c,False,False,False
768,1792,128,0.6630859375,16473.487016882442,184.3725997314453,68.7585129798371,7.354395594293748,170.17093151693666,145.6906296023564,136.95995949926362,True,aceptado,008e5c_0,recorte_jpg,CE,008e5c,False,False,False
896,1792,128,0.322509765625,8064.249207781982,227.26383258056643,44.93113303680756,4.999693857640588,184.07115821347463,170.16161998485995,180.5395533686601,True,aceptado,008e5c_0,recorte_jpg,CE,008e5c,False,True,True
1280,1792,128,0.4375,8182.811689361693,218.5426414794922,46.828575784428125,5.46206696436508,192.38504464285714,165.99846540178572,178.69140625,True,aceptado,008e5c_0,recorte_jpg,CE,008e5c,False,True,True
1408,1792,128,0.88580322265625,18884.433443606933,163.59027630615236,63.143945465153344,7.769145929336164,175.63846206849033,144.6629228967133,139.2231103148901,True,aceptado,008e5c_0,recorte_jpg,CE,008e5c,False,False,False
1536,1792,128,0.87567138671875,19346.749268680298,162.60113385009765,65.45819100540187,7.78990272831076,168.2759461908413,145.79814595385795,133.47124834460166,True,aceptado,008e5c_0,recorte_jpg,CE,008e5c,False,False,False
1664,1792,128,0.86334228515625,18666.736931917967,176.9615923461914,51.92950323380259,7.533749474354833,184.67232237539767,157.54110993283845,164.58423471191233,True,aceptado,008e5c_0,recorte_jpg,CE,008e5c,False,False,False
1792,1792,128,0.84759521484375,15940.14863922766,190.32246868896485,41.086656256199035,7.17314098632366,189.8769352631958,175.14783610571038,188.0420537193058,True,aceptado,008e5c_0,recorte_jpg,CE,008e5c,False,False,False
1920,1792,128,0.81549072265625,17419.53931156811,188.9786514892578,45.998607921905354,7.276610685551077,188.11840431105458,169.17012199685652,186.0241748372128,True,aceptado,008e5c_0,recorte_jpg,CE,008e5c,False,False,False
0,1920,128,0.89849853515625,17470.676902648924,170.26518072509765,55.44792431668695,7.615613989233546,184.04429046939745,152.24950750628355,155.04551321241763,True,aceptado,008e5c_0,recorte_jpg,CE,008e5c,False,False,False
128,1920,128,0.9010009765625,16273.68796711621,170.5647052001953,55.415449608113946,7.612489888658007,183.10337352662242,154.72930497222598,149.84019780517545,True,aceptado,008e5c_0,recorte_jpg,CE,008e5c,False,False,False
256,1920,128,0.94915771484375,17012.73383677441,136.97287799072265,69.63707311112785,7.944330803177246,159.37245193235162,123.0208989775577,99.92585685807987,True,aceptado,008e5c_0,recorte_jpg,CE,008e5c,False,False,False
384,1920,128,0.94000244140625,15219.342090223632,124.06132873535155,76.29176603595072,7.941374860145112,143.03467307317706,110.29614960067528,77.27524186741121,True,aceptado,008e5c_0,recorte_jpg,CE,008e5c,False,False,False
512,1920,128,0.95294189453125,16475.771896404538,112.18886846923827,75.94176207576817,7.8874150844984605,134.55389739319799,98.74335489656056,65.11990008326394,True,aceptado,008e5c_0,recorte_jpg,CE,008e5c,False,False,False
640,1920,128,0.97308349609375,17491.8100109906,103.04093103027343,74.01259126789661,7.842291065486924,126.54788935583015,93.45123251583767,56.2116916515085,True,aceptado,008e5c_0,recorte_jpg,CE,008e5c,False,False,False
768,1920,128,0.8660888671875,17772.303628584104,137.5969637451172,80.61321156901323,7.888966621548988,142.8032417195208,115.98449612403101,87.6185341789993,True,aceptado,008e5c_0,recorte_jpg,CE,008e5c,False,False,False
896,1920,128,0.8023681640625,17106.804953878658,187.12312139892578,50.364956804134124,7.398043178376451,185.45298950251026,167.05127034839495,173.4567929408185,True,aceptado,008e5c_0,recorte_jpg,CE,008e5c,False,False,False
1024,1920,128,0.77606201171875,16440.451708087767,194.70332958984375,44.546579909513326,7.2184508364663325,192.3956744003146,173.55642941407785,183.0925678332678,True,aceptado,008e5c_0,recorte_jpg,CE,008e5c,False,False,False
1408,1920,128,0.83294677734375,18188.64633833496,166.38696722412107,67.0602030889767,7.757365686765363,171.98519821206125,141.64248552795488,139.63076133948854,True,aceptado,008e5c_0,recorte_jpg,CE,008e5c,False,False,False
1536,1920,128,0.88092041015625,19814.99574170947,157.87036657714845,66.57306934254295,7.843576575112825,168.03665211667706,139.13912561491028,125.71592877433659,True,aceptado,008e5c_0,recorte_jpg,CE,008e5c,False,False,False
1664,1920,128,0.87066650390625,18048.172426575802,176.11208709716794,52.02138404258716,7.535242146285907,185.37364178058183,157.03526112863653,162.79649491763055,True,aceptado,008e5c_0,recorte_jpg,CE,008e5c,False,False,False
1792,1920,128,0.843505859375,16090.479632039425,184.69306506347655,46.8848705183558,7.377091008083788,188.98878437047756,165.63697539797394,176.7519536903039,True,aceptado,008e5c_0,recorte_jpg,CE,008e5c,False,False,False
1920,1920,128,0.81414794921875,15052.935426686032,191.83217303466796,41.54029621503486,7.203260686376387,191.61796236599446,172.82382487442837,188.23907339380764,True,aceptado,008e5c_0,recorte_jpg,CE,008e5c,False,False,False
0,0,128,0.99652099609375,4540.650593914428,160.4675523071289,28.348104538086723,6.778178931110855,233.26361242114288,148.54517057634592,28.33588534329638,True,aceptado,00c058_0,recorte_jpg,LAA,00c058,False,False,False
128,0,128,0.9998779296875,4043.178089944091,163.47421301269532,27.53367594370014,6.732157319180324,237.26712245147112,152.04230252716397,28.713588084482968,True,aceptado,00c058_0,recorte_jpg,LAA,00c058,False,False,False
256,0,128,0.99884033203125,3726.3942087819814,163.47591955566406,25.208397602464903,6.631057147397479,238.70326917201345,149.26135044301864,38.5464100213871,True,aceptado,00c058_0,recorte_jpg,LAA,00c058,False,False,False
384,0,128,0.98870849609375,4703.331198892089,163.82525872802734,29.415222400800662,6.858618730761064,236.4474967590592,143.14025557133155,71.93876165195383,True,aceptado,00c058_0,recorte_jpg,LAA,00c058,False,False,True
512,0,128,0.99981689453125,4654.903688948363,165.03045965576172,26.993601138845374,6.6696873141321955,235.55900128197302,154.09541542030402,36.233380135522864,True,aceptado,00c058_0,recorte_jpg,LAA,00c058,False,False,False
640,0,128,1.0,2924.0830366425776,158.21672973632812,22.571627887346068,6.421026621798683,239.24957275390625,138.77825927734375,45.7742919921875,True,aceptado,00c058_0,recorte_jpg,LAA,00c058,False,False,False
768,0,128,0.998046875,4058.4945240439447,149.08607812499997,35.28517412549364,6.996490702966506,231.85873287671234,127.33170254403132,42.361607142857146,True,aceptado,00c058_0,recorte_jpg,LAA,00c058,False,False,False
896,0,128,0.99945068359375,4300.377273399291,156.83574835205076,25.41753109458951,6.585782912694073,234.45227480916031,138.42552671755726,47.65392366412214,True,aceptado,00c058_0,recorte_jpg,LAA,00c058,False,False,False
1024,0,128,0.99981689453125,5910.234512837279,148.42349713134766,28.627028405067772,6.822212181312545,230.35296990415725,115.77882913131066,101.48080092790428,True,aceptado,00c058_0,recorte_jpg,LAA,00c058,False,False,False
1152,0,128,0.998291015625,7778.354895460814,150.7328248901367,34.66108309606217,7.09889537747937,227.0733675715334,107.71600635852286,170.63212276840304,True,aceptado,00c058_0,recorte_jpg,LAA,00c058,False,False,False
1280,0,128,0.99700927734375,8209.814621691039,150.64634631347656,36.762508918987244,7.201475849492257,218.85338230792777,127.33425160697888,89.32494643403734,True,aceptado,00c058_0,recorte_jpg,LAA,00c058,False,False,False
1408,0,128,0.99835205078125,7361.055330316161,143.89615258789064,33.412067658920705,7.057440177060108,219.30739133092865,121.23512869108028,61.35464938558415,True,aceptado,00c058_0,recorte_jpg,LAA,00c058,False,False,False
1536,0,128,0.9998779296875,6212.654987007689,135.00087615966797,28.944185904205526,6.84427509146802,224.45525576852643,99.77536320351605,81.64912709070931,True,aceptado,00c058_0,recorte_jpg,LAA,00c058,False,False,False
1664,0,128,1.0,3553.6095136249987,133.72106079101565,25.381860368873685,6.629028824605997,231.76123046875,89.5872802734375,103.83087158203125,True,aceptado,00c058_0,recorte_jpg,LAA,00c058,False,False,False
1792,0,128,0.99957275390625,6134.769137785278,134.03689508056638,30.49568362070173,6.912252881105147,220.63186175734262,101.47523966538438,74.16559809488918,True,aceptado,00c058_0,recorte_jpg,LAA,00c058,False,False,False
1920,0,128,0.99237060546875,9290.032369069577,140.66290130615232,38.96385250261823,7.258874880943213,217.64770281075096,110.42438034319454,87.56903868626607,True,aceptado,00c058_0,recorte_jpg,LAA,00c058,False,False,True
0,128,128,1.0,3670.0296327664782,158.82120593261718,25.812167008829817,6.638139878541221,236.56170654296875,144.38848876953125,29.23870849609375,True,aceptado,00c058_0,recorte_jpg,LAA,00c058,False,False,False
128,128,128,0.998291015625,4488.17747832141,157.99316674804686,30.044159202248792,6.807003478290535,233.72328197603326,140.9755441428222,45.73385913426266,True,aceptado,00c058_0,recorte_jpg,LAA,00c058,False,False,False
256,128,128,1.0,3529.753855281615,160.5835930175781,22.97365655565622,6.509556643615399,239.28485107421875,138.32965087890625,68.753662109375,True,aceptado,00c058_0,recorte_jpg,LAA,00c058,False,False,False
384,128,128,0.99993896484375,4567.8361690568845,149.4769009399414,25.171944416091126,6.575247648404007,235.31233595800524,121.82365867057315,66.6869926142953,True,aceptado,00c058_0,recorte_jpg,LAA,00c058,False,False,False
512,128,128,1.0,3131.8849871843254,160.49648199462888,22.3602476396181,6.440112171219718,238.47821044921875,146.0299072265625,30.45562744140625,True,aceptado,00c058_0,recorte_jpg,LAA,00c058,False,False,False
640,128,128,0.9996337890625,7363.88020855737,168.2734048461914,31.13918557414709,6.930877136614266,233.1705947002076,134.5636219318598,171.39296617413603,True,aceptado,00c058_0,recorte_jpg,LAA,00c058,False,False,False
768,128,128,0.9991455078125,5587.900976595213,155.31547479248044,29.907476953401407,6.881615429964723,232.54398289554064,121.81203420891876,124.6073304825901,True,aceptado,00c058_0,recorte_jpg,LAA,00c058,False,False,False
896,128,128,0.99945068359375,5064.789678918822,154.07796368408202,27.156562234114407,6.726803624843864,231.3126106870229,130.336,73.34021374045801,True,aceptado,00c058_0,recorte_jpg,LAA,00c058,False,False,False
1024,128,128,0.99725341796875,4928.335919130859,154.25860870361328,28.5506413944772,6.780465651013499,232.3074239549544,131.45682110288269,64.77562886345554,True,aceptado,00c058_0,recorte_jpg,LAA,00c058,False,False,False
1152,128,128,0.9974365234375,7519.269723156614,145.60549951171876,32.339271141659246,7.012255775589672,226.62721821074533,106.87412801370701,130.33368008811652,True,aceptado,00c058_0,recorte_jpg,LAA,00c058,False,False,False
1280,128,128,0.99664306640625,6806.475903354734,163.94483581542966,31.24872890224891,6.977844437663707,232.08910527282748,126.17129034233572,177.36450486863862,True,aceptado,00c058_0,recorte_jpg,LAA,00c058,False,False,False
1408,128,128,0.9974365234375,6509.915567269529,163.621619140625,31.438171089085337,6.973379363133207,232.36733569942479,124.02747521723167,185.4257740790601,True,aceptado,00c058_0,recorte_jpg,LAA,00c058,False,False,False
1536,128,128,0.999755859375,6743.571931376585,145.68561291503903,32.6593787772186,7.045625967541666,226.77496947496948,102.72301587301587,154.01221001221,True,aceptado,00c058_0,recorte_jpg,LAA,00c058,False,False,False
1664,128,128,0.99798583984375,6530.961532787718,139.21300463867186,37.338883231818386,7.232445867125939,214.84777689437954,111.34138584796037,82.50204880435447,True,aceptado,00c058_0,recorte_jpg,LAA,00c058,False,False,False
1792,128,128,0.99932861328125,5072.135167898315,133.5023971557617,29.258271806168956,6.8268340613823275,222.07640627862946,101.03860013436756,67.69358089537653,True,aceptado,00c058_0,recorte_jpg,LAA,00c058,False,False,False
1920,128,128,0.99951171875,6612.497064240111,132.31056225585934,28.407599837791604,6.781022223691831,223.4004640937958,97.41243282852956,72.62231314118222,True,aceptado,00c058_0,recorte_jpg,LAA,00c058,False,False,False
0,256,128,0.99993896484375,4323.547511973877,155.7367123413086,25.86157015330404,6.667148036762061,235.54025514252578,122.00909479338338,120.05035707745834,True,aceptado,00c058_0,recorte_jpg,LAA,00c058,False,False,False
128,256,128,0.99993896484375,5208.605034971923,161.53469744873047,27.349962660896715,6.758022471988443,235.54635903070255,126.47067081731063,147.9185741317219,True,aceptado,00c058_0,recorte_jpg,LAA,00c058,False,False,False
256,256,128,0.99822998046875,5193.12351791101,162.5961345825195,29.49096732351329,6.845465983934444,234.02164475695506,130.818954448181,137.6352185875879,True,aceptado,00c058_0,recorte_jpg,LAA,00c058,False,False,False
384,256,128,1.0,4563.113822492674,150.7623303222656,26.163130377924183,6.666402910029928,235.32635498046875,120.64312744140625,84.0546875,True,aceptado,00c058_0,recorte_jpg,LAA,00c058,False,False,False
512,256,128,0.99920654296875,6296.812691495848,148.01368743896484,31.256779510161063,6.916300187208324,228.60607171217396,119.13566672775029,84.66935434609981,True,aceptado,00c058_0,recorte_jpg,LAA,00c058,False,False,False
640,256,128,0.99932861328125,7730.198777580686,158.12088800048826,32.28914499999429,6.974132523263503,229.88255054052402,123.44701642948758,147.9488181762658,True,aceptado,00c058_0,recorte_jpg,LAA,00c058,False,False,False
768,256,128,0.99951171875,4110.315134114257,158.94938861083983,28.549114602175646,6.73826007233294,233.97465803615046,137.7628236443576,70.90632633121642,True,aceptado,00c058_0,recorte_jpg,LAA,00c058,False,False,False
896,256,128,0.9998779296875,4142.134138844482,157.16225659179688,25.794110118778253,6.654933927646828,235.64021486997925,133.5725796606031,72.70302771334391,True,aceptado,00c058_0,recorte_jpg,LAA,00c058,False,False,False
1024,256,128,0.9984130859375,3036.0272056020503,165.15686572265625,22.364168947513487,6.3938767869559365,238.8221053918572,155.04328157476465,22.930981782614012,True,aceptado,00c058_0,recorte_jpg,LAA,00c058,False,False,False
1152,256,128,0.9991455078125,4038.4680303969717,146.46005212402343,24.04117436628512,6.5721906701109845,236.35595601710446,112.39718998167379,85.35882712278558,True,aceptado,00c058_0,recorte_jpg,LAA,00c058,False,False,False
1280,256,128,0.99774169921875,8125.499227599974,147.25437384033202,34.42050124228251,7.111505885756018,222.60139475133053,114.35296996390775,117.14100446565119,True,aceptado,00c058_0,recorte_jpg,LAA,00c058,False,False,False
1408,256,128,0.998291015625,7105.371245054075,163.61973950195312,31.899363776297033,6.999025052993729,230.22768403032526,125.34244314013206,184.8445830276351,True,aceptado,00c058_0,recorte_jpg,LAA,00c058,False,False,False
1536,256,128,0.9996337890625,5896.783807378661,159.56496075439452,31.011128173537426,6.969530293327583,233.92508242764686,114.54988399071925,196.05568445475637,True,aceptado,00c058_0,recorte_jpg,LAA,00c058,False,False,False
1664,256,128,0.99615478515625,6205.363714963987,155.42763983154296,35.04764826445733,7.1432410472365655,230.33858219471847,111.5584829360946,181.88131854665767,True,aceptado,00c058_0,recorte_jpg,LAA,00c058,False,False,False
1792,256,128,0.99560546875,6115.934322961792,156.52966790771484,36.973402004163475,7.209976903935105,225.96799901912703,120.04953408533595,158.87021824423738,True,aceptado,00c058_0,recorte_jpg,LAA,00c058,False,False,False
1920,256,128,0.99810791015625,7666.991333669188,142.4798656616211,35.983957613288915,7.174869726707506,221.4945881489635,112.01663303369412,90.43765669907663,True,aceptado,00c058_0,recorte_jpg,LAA,00c058,False,False,False
0,384,128,0.9990234375,4389.729764553587,171.93034283447264,28.36011443277071,6.822394272302024,236.6017228739003,133.76649560117303,198.21761974584555,True,aceptado,00c058_0,recorte_jpg,LAA,00c058,False,False,False
128,384,128,0.99957275390625,3458.294301672362,164.2980695800781,26.450959447407495,6.726500347618273,238.74787812175612,132.81022165231727,130.87494657141113,True,aceptado,00c058_0,recorte_jpg,LAA,00c058,False,False,False
256,384,128,0.99725341796875,3135.953597865844,161.22885882568357,24.02860099413571,6.548625559334146,237.93714425607442,142.87294204051656,52.608054348491336,True,aceptado,00c058_0,recorte_jpg,LAA,00c058,False,False,False
384,384,128,0.999267578125,4025.80721331079,158.3003037109375,24.569058461500212,6.580079458770628,237.78677009528462,133.85731737112144,75.14365990715856,True,aceptado,00c058_0,recorte_jpg,LAA,00c058,False,False,False
512,384,128,0.9986572265625,4308.170779284788,153.70044866943357,26.756273717529595,6.62672633832358,234.43423786823126,128.27679990221245,71.80980320254248,True,aceptado,00c058_0,recorte_jpg,LAA,00c058,False,False,False
640,384,128,0.99835205078125,4155.174776322631,157.69793041992187,26.63561345537599,6.640976891538726,235.8148804793055,132.40520877911598,81.79060952497402,True,aceptado,00c058_0,recorte_jpg,LAA,00c058,False,False,False
768,384,128,0.99859619140625,2449.0273901636956,164.11342236328124,19.205323326239096,6.2368060063658035,240.55008862538963,151.5765540003667,27.203227186602287,True,aceptado,00c058_0,recorte_jpg,LAA,00c058,False,False,False
896,384,128,0.9998779296875,3353.3656352042226,154.13721783447266,24.598753864723268,6.586648641877254,237.31668904895616,128.9987791478452,65.32120620192894,True,aceptado,00c058_0,recorte_jpg,LAA,00c058,False,False,False
1024,384,128,1.0,2866.2790431485587,160.93299188232422,22.21858609016479,6.434099348327335,239.74200439453125,143.583984375,43.5643310546875,True,aceptado,00c058_0,recorte_jpg,LAA,00c058,False,False,False
1152,384,128,1.0,2940.6550074962147,156.87058245849607,24.118825644129956,6.522062019711456,238.67620849609375,138.3150634765625,37.8548583984375,True,aceptado,00c058_0,recorte_jpg,LAA,00c058,False,False,False
1280,384,128,0.99969482421875,5419.614096889891,147.12811169433593,27.283154296221245,6.7623200579807765,233.061908541425,110.6522986751328,109.30679528664754,True,aceptado,00c058_0,recorte_jpg,LAA,00c058,False,False,False
1408,384,128,0.998291015625,7355.6129276052225,150.78065240478514,32.885487688312224,7.056504980681363,225.40364392271948,120.35766691122524,110.34128148691612,True,aceptado,00c058_0,recorte_jpg,LAA,00c058,False,False,False
1536,384,128,0.99908447265625,7116.2170776027815,148.53428057861328,35.1213669472948,7.134492009529068,223.8781843729,116.8969393365508,113.08509988392693,True,aceptado,00c058_0,recorte_jpg,LAA,00c058,False,False,False
1664,384,128,0.99774169921875,5897.948415769164,155.15643280029298,30.988928586244157,6.972072384448842,232.41548908056524,114.47311433290513,160.25166697253317,True,aceptado,00c058_0,recorte_jpg,LAA,00c058,False,False,False
1792,384,128,0.99761962890625,4950.582831615966,164.65782641601564,28.57986901035317,6.853899708261077,235.82324869990822,122.33410828999695,194.3114102171918,True,aceptado,00c058_0,recorte_jpg,LAA,00c058,False,False,False
1920,384,128,0.995849609375,4972.731421606566,151.88610217285157,38.82710820840049,7.2745207624559445,232.43221377788674,108.38685952439323,161.31404756067664,True,aceptado,00c058_0,recorte_jpg,LAA,00c058,False,False,False
0,512,128,0.997802734375,4693.671545723876,164.7803895874023,28.745912964077547,6.846772619348565,235.34640322975287,139.06581844873992,110.61634450697333,True,aceptado,00c058_0,recorte_jpg,LAA,00c058,False,False,False
128,512,128,0.988037109375,3757.7198370393053,161.49520135498045,32.31019566385119,6.99110502471966,235.510501606128,132.95638744749198,105.75778354336546,True,aceptado,00c058_0,recorte_jpg,LAA,00c058,False,False,True
256,512,128,0.99658203125,3704.8049119090565,170.3458161010742,27.088645565705313,6.775559551686392,237.97103135717785,139.1830597746203,151.2718030377266,True,aceptado,00c058_0,recorte_jpg,LAA,00c058,False,False,False
384,512,128,0.9993896484375,3796.9865745758043,167.27815863037108,25.899956555102484,6.708659052420043,237.73885428117748,132.82380603395626,159.4786857212654,True,aceptado,00c058_0,recorte_jpg,LAA,00c058,False,False,False
512,512,128,0.9998779296875,3883.800019569213,160.29409808349607,26.565195201335243,6.68590011902304,236.03076547430106,130.3096081064583,115.95812477109023,True,aceptado,00c058_0,recorte_jpg,LAA,00c058,False,False,False
640,512,128,0.9996337890625,2371.958541224853,165.64641400146482,21.61479515366645,6.299983597447552,241.0096470875565,150.37776285260716,46.351508120649655,True,aceptado,00c058_0,recorte_jpg,LAA,00c058,False,False,False
768,512,128,0.9996337890625,4774.954957619383,157.54310302734376,27.316324685626572,6.704485535234496,234.59738673830748,138.88399071925755,51.235926242520456,True,aceptado,00c058_0,recorte_jpg,LAA,00c058,False,False,False
896,512,128,0.99951171875,4866.932556620726,156.05269836425782,25.782088509102465,6.5785829947399925,235.22032242305812,137.76367855398144,42.20926966292135,True,aceptado,00c058_0,recorte_jpg,LAA,00c058,False,False,False
1024,512,128,0.99957275390625,6296.801967984251,151.47810980224608,28.989730806220507,6.811385578931637,232.09592721499664,121.6014532576174,93.53507968492399,True,aceptado,00c058_0,recorte_jpg,LAA,00c058,False,False,False
1152,512,128,1.0,4724.152847104491,154.64307678222656,23.57624681902051,6.562191870372519,238.36651611328125,134.66070556640625,37.9443359375,True,aceptado,00c058_0,recorte_jpg,LAA,00c058,False,False,False
1280,512,128,0.999267578125,7033.976789515746,145.1859458618164,28.803535138097157,6.804595131195534,230.85408013681896,111.19172978255558,94.91125091619838,True,aceptado,00c058_0,recorte_jpg,LAA,00c058,False,False,False
1408,512,128,0.99932861328125,7055.3176961967765,150.5569603881836,29.97216486818763,6.877248738445034,229.32547486715936,123.07426861296037,84.92438771147621,True,aceptado,00c058_0,recorte_jpg,LAA,00c058,False,False,False
1536,512,128,0.99908447265625,4627.338970331908,147.38388848876951,25.943319283213192,6.676807333805522,232.07972386828763,125.70169222310464,36.12260981122854,True,aceptado,00c058_0,recorte_jpg,LAA,00c058,False,False,False
1664,512,128,0.99932861328125,4436.5692397406,146.25292022705077,26.207369215453756,6.6668162003587135,234.18194588652048,119.1410859341599,54.66841751664325,True,aceptado,00c058_0,recorte_jpg,LAA,00c058,False,False,False
1792,512,128,0.99969482421875,5020.422248473509,149.41695117187498,29.366648968057184,6.868175662750618,228.96580987850297,127.29940777825264,54.41809634287807,True,aceptado,00c058_0,recorte_jpg,LAA,00c058,False,False,False
1920,512,128,0.99749755859375,6445.243408574095,152.6178931274414,35.24848771134386,7.12996343856383,225.2298231658814,119.34858961023068,131.48271431193783,True,aceptado,00c058_0,recorte_jpg,LAA,00c058,False,False,False
0,640,128,0.996826171875,3722.850469480224,152.09311346435547,26.40971981171109,6.6747950266295515,236.44648542738182,124.23273328434975,71.7930443301494,True,aceptado,00c058_0,recorte_jpg,LAA,00c058,False,False,False
128,640,128,0.999755859375,3486.0887606949454,160.90534985351562,25.221538308904144,6.586571327677438,236.65964590964592,147.39053724053724,31.62887667887668,True,aceptado,00c058_0,recorte_jpg,LAA,00c058,False,False,False
256,640,128,0.99652099609375,3734.5718781535634,161.2271336669922,27.691739555498756,6.746326766429936,236.08574753475838,138.65284498070682,78.66938200526735,True,aceptado,00c058_0,recorte_jpg,LAA,00c058,False,False,False
384,640,128,1.0,5022.996581584837,169.37844580078126,28.53253202110732,6.81810321316726,235.4561767578125,131.8043212890625,189.5430908203125,True,aceptado,00c058_0,recorte_jpg,LAA,00c058,False,False,False
512,640,128,0.99932861328125,4597.8117107722155,172.19705212402343,26.860850175812544,6.742379197163481,236.97440908813292,131.57790264459783,211.0404324192268,True,aceptado,00c058_0,recorte_jpg,LAA,00c058,False,False,False
640,640,128,0.9998779296875,4442.668154102903,174.26950335693357,29.196211903099883,6.824830260967422,237.07801245269198,134.83549017214014,212.51355145891833,True,aceptado,00c058_0,recorte_jpg,LAA,00c058,False,False,False
768,640,128,0.999755859375,6061.887474668578,160.4467477416992,29.700017807973964,6.861237256335085,232.18253968253967,131.5181929181929,121.08351648351649,True,aceptado,00c058_0,recorte_jpg,LAA,00c058,False,False,False
896,640,128,0.9989013671875,4521.315420781859,162.54592919921873,26.165709708312228,6.591840354936391,235.87419039472076,149.86087009654162,34.767383600146644,True,aceptado,00c058_0,recorte_jpg,LAA,00c058,False,False,False
1024,640,128,1.0,5770.666858565062,156.4365930175781,27.93597405797997,6.731961553887153,233.975341796875,135.7255859375,59.7109375,True,aceptado,00c058_0,recorte_jpg,LAA,00c058,False,False,False
1152,640,128,0.99993896484375,5964.6799397579325,149.75236334228515,25.577510901156995,6.675933093918276,234.97869743026308,120.52749801623634,76.6509186351706,True,aceptado,00c058_0,recorte_jpg,LAA,00c058,False,False,False
1280,640,128,0.99969482421875,6185.322560177855,153.9690500488281,27.148207006331518,6.694227926348698,233.43726723243176,135.19030465840405,41.99975578484645,True,aceptado,00c058_0,recorte_jpg,LAA,00c058,False,False,False
1408,640,128,1.0,6792.765601498411,146.50166186523438,26.127063007862034,6.6939819948657995,233.57012939453125,112.69232177734375,92.226318359375,True,aceptado,00c058_0,recorte_jpg,LAA,00c058,False,False,False
1536,640,128,0.99786376953125,5810.497091652098,156.20871612548828,30.50078618344967,6.885525222189041,231.07688543641814,138.88672090036087,47.360572512080246,True,aceptado,00c058_0,recorte_jpg,LAA,00c058,False,False,False
1664,640,128,0.9990234375,3930.203454883422,155.98874487304687,27.498331500874826,6.673528337867753,235.03054740957967,140.1105816226784,29.68664467253177,True,aceptado,00c058_0,recorte_jpg,LAA,00c058,False,False,False
1792,640,128,0.99993896484375,2572.176422742919,153.96785443115235,21.49367822875788,6.382964112852044,239.5755966550693,132.40255142525788,40.43270463285113,True,aceptado,00c058_0,recorte_jpg,LAA,00c058,False,False,False
1920,640,128,0.98809814453125,5824.791316955321,158.69151110839846,34.478332468206844,7.093992863071776,228.1056890481191,129.19408240163074,119.57526715671135,True,aceptado,00c058_0,recorte_jpg,LAA,00c058,False,False,True
0,768,128,0.9990234375,5182.492467001098,140.28599200439453,30.039933030162732,6.8943708999502995,230.20491202346042,104.93114613880743,85.62182306940372,True,aceptado,00c058_0,recorte_jpg,LAA,00c058,False,False,False
128,768,128,0.99835205078125,4833.499622133544,158.15663201904295,27.90756179556788,6.798815007623666,235.2392247967231,130.54679953536711,96.93323959161215,True,aceptado,00c058_0,recorte_jpg,LAA,00c058,False,False,False
256,768,128,0.9971923828125,5865.138594596557,162.10373657226563,32.73768719494719,7.016942861616971,230.73417798996206,131.88199289998775,135.7256702166728,True,aceptado,00c058_0,recorte_jpg,LAA,00c058,False,False,False
384,768,128,0.99761962890625,4260.974394370482,163.17762548828125,28.24420364547849,6.7245692039027665,234.74652799021106,145.91569287243806,62.6921994493729,True,aceptado,00c058_0,recorte_jpg,LAA,00c058,False,False,False
512,768,128,0.9979248046875,4134.9004991166985,167.72079455566404,25.509441427008895,6.6783404710863135,236.44831804281347,145.11113149847094,102.50085626911314,True,aceptado,00c058_0,recorte_jpg,LAA,00c058,False,False,False
640,768,128,0.999755859375,4284.217204329832,178.73999694824218,24.775183042146047,6.610305600372421,238.28907203907204,140.7481684981685,218.03962148962148,True,aceptado,00c058_0,recorte_jpg,LAA,00c058,False,False,False
768,768,128,0.9990234375,6219.26835859204,165.15423986816404,32.8024889828341,6.986148022442146,230.53482404692082,139.76600684261976,123.72513440860214,True,aceptado,00c058_0,recorte_jpg,LAA,00c058,False,False,False
896,768,128,0.99884033203125,4792.896874884276,168.90648937988283,28.355959232724672,6.79174959443578,235.5825847846013,151.00378857317446,85.45126794989307,True,aceptado,00c058_0,recorte_jpg,LAA,00c058,False,False,False
1024,768,128,0.99920654296875,4991.396030079711,165.27619873046876,25.702867667667157,6.655467635145609,236.88589579133836,144.0109950522265,86.41524647242075,True,aceptado,00c058_0,recorte_jpg,LAA,00c058,False,False,False
1152,768,128,0.99822998046875,7078.23871727368,155.26997058105468,32.14208152016358,6.924704486038728,229.67221033323142,132.4094772240905,76.47324977071231,True,aceptado,00c058_0,recorte_jpg,LAA,00c058,False,False,False
1280,768,128,1.0,7138.653125777219,150.35053369140624,30.303982759232536,6.855338501643161,230.5438232421875,126.6884765625,61.85784912109375,True,aceptado,00c058_0,recorte_jpg,LAA,00c058,False,False,False
1408,768,128,0.99993896484375,4929.289783907958,157.38971649169923,24.293969605520957,6.540708354238902,237.1225660745895,140.81608984923398,33.56033693462736,True,aceptado,00c058_0,recorte_jpg,LAA,00c058,False,False,False
1536,768,128,0.9998779296875,4360.4821859534895,155.2377637939453,23.458209440214823,6.500205473241023,238.3121718959834,136.54193627151753,33.52539372481993,True,aceptado,00c058_0,recorte_jpg,LAA,00c058,False,False,False
1664,768,128,1.0,4137.4143980136705,157.8856124267578,25.23278245147014,6.593044729917571,236.0914306640625,143.3214111328125,27.75970458984375,True,aceptado,00c058_0,recorte_jpg,LAA,00c058,False,False,False
1792,768,128,0.9998779296875,4866.970239948973,158.79500372314453,26.73671048631363,6.675299943339881,234.22585764863874,145.0090953485533,31.852154804053228,True,aceptado,00c058_0,recorte_jpg,LAA,00c058,False,False,False
1920,768,128,0.99847412109375,6935.032026060179,154.78511975097655,30.895441322485947,6.936737796826087,225.10269576379974,134.54392077755364,73.39965768078733,True,aceptado,00c058_0,recorte_jpg,LAA,00c058,False,False,False
0,896,128,0.99945068359375,5503.27405192871,150.17156030273435,29.32246784466632,6.87590835675412,233.09728244274808,107.94876335877862,149.64415267175573,True,aceptado,00c058_0,recorte_jpg,LAA,00c058,False,False,False
128,896,128,0.9989013671875,5301.086372614257,142.65903942871094,28.40797440622577,6.781535610698884,231.48576316754247,107.9863130881095,87.24392032262007,True,aceptado,00c058_0,recorte_jpg,LAA,00c058,False,False,False
256,896,128,0.99871826171875,4478.158171659789,162.18929498291016,30.466683063140184,6.872795976622394,232.22349202468985,149.9168245431767,40.77907474179551,True,aceptado,00c058_0,recorte_jpg,LAA,00c058,False,False,False
384,896,128,0.99774169921875,3852.8984456787102,145.63477838134764,44.0576540446796,7.2348845385475435,223.77879733284394,127.79207193980547,30.648742888603415,True,aceptado,00c058_0,recorte_jpg,LAA,00c058,False,False,False
512,896,128,0.99951171875,3248.742173211669,163.02478717041015,24.497806028295752,6.552830615282076,237.51196873473376,147.2327186126038,48.62457254518808,True,aceptado,00c058_0,recorte_jpg,LAA,00c058,False,False,False
640,896,128,0.99847412109375,4255.446455036741,175.59731115722656,29.78745514032169,6.810743247918296,236.04058927807324,141.41616235711228,192.1763555229537,True,aceptado,00c058_0,recorte_jpg,LAA,00c058,False,False,False
768,896,128,0.99908447265625,4428.841128761352,162.27403039550782,27.78583038669402,6.752487760414164,234.815016189138,139.3460810067811,89.40723318467836,True,aceptado,00c058_0,recorte_jpg,LAA,00c058,False,False,False
896,896,128,0.99951171875,4547.599805137328,160.15559490966797,27.10732794006665,6.662592498454293,234.81643869076697,144.28541768441622,45.69265999022961,True,aceptado,00c058_0,recorte_jpg,LAA,00c058,False,False,False
1024,896,128,0.99847412109375,4336.001902056152,165.66642309570312,26.017294949751914,6.634080559160294,235.93660981722599,151.99040283635918,50.729201051409014,True,aceptado,00c058_0,recorte_jpg,LAA,00c058,False,False,False
1152,896,128,0.998291015625,6221.1256577272925,169.55227600097655,31.523232410955686,6.889375485929723,232.23820004891172,138.48300317926143,164.0387625336268,True,aceptado,00c058_0,recorte_jpg,LAA,00c058,False,False,False
1280,896,128,0.9991455078125,6928.518948255247,166.57284442138672,31.84748427869715,6.9486925203412575,232.8671960904093,128.96053756872328,185.80048869883933,True,aceptado,00c058_0,recorte_jpg,LAA,00c058,False,False,False
1408,896,128,0.9976806640625,6444.7231649072255,157.84268865966794,30.509314994732442,6.898086339407076,233.36963171418083,125.43821118316407,124.84938211183164,True,aceptado,00c058_0,recorte_jpg,LAA,00c058,False,False,False
1536,896,128,0.999267578125,5876.384643392943,157.48211584472654,32.90155048256087,6.931573287767194,230.94374541900805,131.64463718543854,97.30784265819692,True,aceptado,00c058_0,recorte_jpg,LAA,00c058,False,False,False
1664,896,128,0.9998779296875,5163.602322817747,152.19712261962889,26.095653879856627,6.615310011084515,234.45928458063727,119.57843975094616,104.30240507874497,True,aceptado,00c058_0,recorte_jpg,LAA,00c058,False,False,False
1792,896,128,1.0,3529.5425290529774,155.41113848876952,23.860972549016314,6.493318245760462,237.36627197265625,133.9996337890625,50.7091064453125,True,aceptado,00c058_0,recorte_jpg,LAA,00c058,False,False,False
1920,896,128,1.0,5182.03866737683,156.13996826171876,26.691719687954908,6.711761133670207,231.399658203125,139.0059814453125,46.97332763671875,True,aceptado,00c058_0,recorte_jpg,LAA,00c058,False,False,False
0,1024,128,0.99578857421875,5734.032934215087,141.33642840576172,30.712364279804255,6.92734823200929,229.32044131167638,103.44167943610175,101.88348145878027,True,aceptado,00c058_0,recorte_jpg,LAA,00c058,False,False,False
128,1024,128,0.99951171875,4374.419382982909,147.37406201171876,27.0979851901153,6.728388678477063,234.6650586223742,117.31039325842697,72.81387396189545,True,aceptado,00c058_0,recorte_jpg,LAA,00c058,False,False,False
256,1024,128,0.998291015625,5049.571295015869,149.95402978515622,30.272888406636724,6.83319799697068,231.0953778429934,124.05912203472732,69.09727317192467,True,aceptado,00c058_0,recorte_jpg,LAA,00c058,False,False,False
384,1024,128,0.9991455078125,3626.799007333007,150.04485430908204,30.407109105355158,6.8420951081986985,233.51747098350643,124.63225412339645,61.277092241905926,True,aceptado,00c058_0,recorte_jpg,LAA,00c058,False,False,False
512,1024,128,0.99969482421875,2385.284776695556,151.76484033203124,33.06335625508404,6.8842666413618145,236.57292875022895,130.82984309176385,36.880273520971976,True,aceptado,00c058_0,recorte_jpg,LAA,00c058,False,False,False
640,1024,128,1.0,2383.645786013305,162.14524462890626,21.486418249432507,6.360525225080552,240.7677001953125,142.676513671875,56.18060302734375,True,aceptado,00c058_0,recorte_jpg,LAA,00c058,False,False,False
768,1024,128,0.99822998046875,3789.0553147375476,169.05450390625,26.20906513776511,6.621440239401193,237.00006114338123,145.58618159584225,110.53127483949862,True,aceptado,00c058_0,recorte_jpg,LAA,00c058,False,False,False
896,1024,128,0.99798583984375,3852.056117791747,164.74238537597657,26.132650282982528,6.636153629914913,237.29722952724603,152.87566509693596,34.1458014800318,True,aceptado,00c058_0,recorte_jpg,LAA,00c058,False,False,False
1024,1024,128,0.9996337890625,4004.637956335448,166.79599023437498,24.750721259801658,6.597929407077107,236.99829038954695,158.30834045671023,26.134570765661252,True,aceptado,00c058_0,recorte_jpg,LAA,00c058,False,False,False
1152,1024,128,0.99981689453125,2560.7482961717524,164.80182440185547,19.41394926095905,6.247442929128132,241.29485379402968,152.8544044930102,25.57310298516574,True,aceptado,00c058_0,recorte_jpg,LAA,00c058,False,False,False
1280,1024,128,0.99969482421875,4617.184943034179,162.31501196289062,25.564651671439027,6.6093306529587466,237.17412540448134,137.8442517858233,91.76213444044203,True,aceptado,00c058_0,recorte_jpg,LAA,00c058,False,False,False
1408,1024,128,0.999755859375,5074.419830366698,165.03662158203124,27.997882164254136,6.776592128926054,235.6986568986569,140.451221001221,106.13278388278388,True,aceptado,00c058_0,recorte_jpg,LAA,00c058,False,False,False
1536,1024,128,0.9986572265625,5254.072982465575,168.41765478515623,32.35138470173789,6.9338588215388395,234.60860530497493,138.93069306930693,145.73909057572425,True,aceptado,00c058_0,recorte_jpg,LAA,00c058,False,False,False
1664,1024,128,0.9993896484375,4345.084245355468,155.9179740600586,26.24537347509165,6.629506065946159,236.07542445340172,125.30371320385977,102.85788445095884,True,aceptado,00c058_0,recorte_jpg,LAA,00c058,False,False,False
1792,1024,128,0.99932861328125,3663.5458857050776,154.05834295654296,26.98118263033452,6.654208676941409,235.7849508336896,134.56287790875223,39.57307762780187,True,aceptado,00c058_0,recorte_jpg,LAA,00c058,False,False,False
1920,1024,128,0.99945068359375,4488.798417683227,158.52792706298828,27.295871545073286,6.720349618092779,233.3994503816794,144.7193282442748,32.84421374045802,True,aceptado,00c058_0,recorte_jpg,LAA,00c058,False,False,False
0,1152,128,0.99237060546875,8200.864940777099,140.44324774169922,36.2153008039913,7.139976685953863,217.99766283289256,113.05203272033951,71.16071099083584,True,aceptado,00c058_0,recorte_jpg,LAA,00c058,False,False,True
128,1152,128,0.99609375,5125.792155372802,157.3650612182617,32.41289512308311,7.002216185398339,231.65759803921569,126.14650735294117,120.32702205882353,True,aceptado,00c058_0,recorte_jpg,LAA,00c058,False,False,False
256,1152,128,0.99859619140625,5300.696077402708,160.8270987548828,30.39968115375375,6.89968889633755,233.1840963266304,124.78937717743415,155.59776297292342,True,aceptado,00c058_0,recorte_jpg,LAA,00c058,False,False,False
384,1152,128,0.99932861328125,3260.864657220214,155.07527752685544,28.532146037208477,6.790931114296839,235.23795272705064,136.22030171624016,41.393819092408236,True,aceptado,00c058_0,recorte_jpg,LAA,00c058,False,False,False
512,1152,128,0.99993896484375,2742.8396592880854,163.09157928466794,23.563600272676634,6.499870732197904,238.89940792284685,150.8709638039431,27.14637123847891,True,aceptado,00c058_0,recorte_jpg,LAA,00c058,False,False,False
640,1152,128,0.99896240234375,2423.274783530029,160.20423034667968,22.93806240646872,6.46567614410536,239.96120241950265,137.0782672450663,69.32296694568339,True,aceptado,00c058_0,recorte_jpg,LAA,00c058,False,False,False
768,1152,128,0.998291015625,3790.657409460082,173.07233648681637,27.957819767353023,6.704141929658796,236.86151870873073,139.23923942284176,178.94197847884567,True,aceptado,00c058_0,recorte_jpg,LAA,00c058,False,False,False
896,1152,128,0.99969482421875,3130.803535617919,164.45449291992185,24.25965375810893,6.544483879022281,237.89993284083278,149.71396300140424,47.51877403992918,True,aceptado,00c058_0,recorte_jpg,LAA,00c058,False,False,False
1024,1152,128,0.99993896484375,2946.8369010335687,168.75319885253907,24.06220064829031,6.5616944161975175,239.95538057742783,160.36580601843374,25.1537569431728,True,aceptado,00c058_0,recorte_jpg,LAA,00c058,False,False,False
1152,1152,128,0.99969482421875,2285.8938739165033,166.97665423583982,18.73534821171661,6.174306537374428,242.17516331888393,157.0240551926247,20.792722388424203,True,aceptado,00c058_0,recorte_jpg,LAA,00c058,False,False,False
1280,1152,128,1.0,2133.2862722714835,163.46817755126952,18.238267097222405,6.1594333587765915,242.08251953125,151.50396728515625,18.88311767578125,True,aceptado,00c058_0,recorte_jpg,LAA,00c058,False,False,False
1408,1152,128,0.9998779296875,3986.4697783120105,153.67191912841795,26.000640549686636,6.554092597231113,235.84476864851666,132.18617995360762,48.68642412403858,True,aceptado,00c058_0,recorte_jpg,LAA,00c058,False,False,False
1536,1152,128,0.99981689453125,2753.465849534301,156.2672290649414,21.815380708781465,6.3739524501407185,241.1348513521763,126.35474024784811,87.56119895000305,True,aceptado,00c058_0,recorte_jpg,LAA,00c058,False,False,False
1664,1152,128,0.99993896484375,3225.923691592895,163.72258923339842,21.81896015194199,6.391212278355808,240.25929316974913,151.36543978514314,26.56863822254776,True,aceptado,00c058_0,recorte_jpg,LAA,00c058,False,False,False
1792,1152,128,0.99993896484375,2772.785949060668,159.27926916503904,22.59109945023799,6.42540228987542,240.48580845998902,142.7321613868034,31.450344869681988,True,aceptado,00c058_0,recorte_jpg,LAA,00c058,False,False,False
1920,1152,128,0.999267578125,3623.6910220378413,157.59202337646485,24.972934851429713,6.589786571435274,237.65489860737844,140.6591741998534,34.24639628634254,True,aceptado,00c058_0,recorte_jpg,LAA,00c058,False,False,False
0,1280,128,0.994384765625,8216.899279384397,140.94113061523439,37.424184820421296,7.170715691127052,215.94291676896637,113.55665357230542,80.12374171372453,True,aceptado,00c058_0,recorte_jpg,LAA,00c058,False,False,True
128,1280,128,0.99810791015625,5969.268214539672,147.5096703491211,33.04445874931514,7.025569113980613,227.0432336574329,115.98666911270104,99.63211643123586,True,aceptado,00c058_0,recorte_jpg,LAA,00c058,False,False,False
256,1280,128,0.99652099609375,3755.5197715205068,157.23460260009765,28.01537314323308,6.752650349109768,234.79867703803515,136.11643290255404,59.889018190727015,True,aceptado,00c058_0,recorte_jpg,LAA,00c058,False,False,False
384,1280,128,0.9989013671875,3264.3269364256585,157.12660791015622,26.28227323677047,6.660584591843883,236.7464255163143,137.06440180862765,50.78339239887572,True,aceptado,00c058_0,recorte_jpg,LAA,00c058,False,False,False
512,1280,128,0.99517822265625,3318.9731924998773,162.00259759521484,28.19468380466806,6.706997303574205,236.05673106409077,146.03876111622202,46.549770009199634,True,aceptado,00c058_0,recorte_jpg,LAA,00c058,False,False,True
640,1280,128,0.99932861328125,2756.1594639497066,155.9789703979492,25.59405851431003,6.570667662612566,237.16985280644965,129.4901972760032,78.9232272643987,True,aceptado,00c058_0,recorte_jpg,LAA,00c058,False,False,False
768,1280,128,0.99969482421875,2769.690688614013,169.4462379760742,25.47360945394047,6.596525539005523,238.3276756822761,152.96684779290555,73.44679162342024,True,aceptado,00c058_0,recorte_jpg,LAA,00c058,False,False,False
896,1280,128,0.9993896484375,2307.196230783813,167.21958990478515,20.61204856610338,6.300869084479534,241.147306705753,157.34621961646513,23.749175522169292,True,aceptado,00c058_0,recorte_jpg,LAA,00c058,False,False,False
1024,1280,128,0.99993896484375,2087.045484320678,169.35653393554685,20.666070640424966,6.322729761911933,241.8479521455167,160.23487761704206,26.15302447659159,True,aceptado,00c058_0,recorte_jpg,LAA,00c058,False,False,False
1152,1280,128,0.99993896484375,2196.5750174019768,167.09141735839845,20.03183992587306,6.285257113838602,241.64798876884575,157.24623084905085,22.196484160410183,True,aceptado,00c058_0,recorte_jpg,LAA,00c058,False,False,False
1280,1280,128,0.99847412109375,3317.327634569945,167.40178692626952,25.384742879292673,6.535611840854941,238.45277828718136,156.794058316523,34.65230148542087,True,aceptado,00c058_0,recorte_jpg,LAA,00c058,False,False,False
1408,1280,128,0.9990234375,3998.711325388671,158.99775671386718,27.026524058988336,6.56754587610643,235.07923998044967,140.90450879765396,51.901942815249264,True,aceptado,00c058_0,recorte_jpg,LAA,00c058,False,False,False
1536,1280,128,0.99835205078125,4781.410121988158,154.3907595825195,28.630336782654297,6.603151365296112,233.3988506449838,128.33056183896804,80.06792199058508,True,aceptado,00c058_0,recorte_jpg,LAA,00c058,False,False,False
1664,1280,128,0.99945068359375,2763.4275068944085,160.1776453857422,23.57098703643802,6.419100163991014,240.27981679389313,136.96225954198474,69.23071755725191,True,aceptado,00c058_0,recorte_jpg,LAA,00c058,False,False,False
1792,1280,128,0.99951171875,3797.9349619182117,166.53010479736326,27.70117660593084,6.721030690144595,237.0583170493405,143.02827308255985,102.23705422569614,True,aceptado,00c058_0,recorte_jpg,LAA,00c058,False,False,False
1920,1280,128,0.999755859375,3629.014994305663,158.06215740966798,24.823706649071077,6.5878793937143145,237.12985347985347,141.8471916971917,33.9996336996337,True,aceptado,00c058_0,recorte_jpg,LAA,00c058,False,False,False
0,1408,128,0.99688720703125,9800.890469694823,133.94044311523436,37.55561292550863,7.140444373313404,218.8938957937917,96.66221759627747,100.07953223535173,True,aceptado,00c058_0,recorte_jpg,LAA,00c058,True,False,False
128,1408,128,0.995849609375,9606.688666373411,145.1211126708984,35.84795424079657,7.110840223212641,222.7044005883795,114.11068889433685,97.73228732532483,True,aceptado,00c058_0,recorte_jpg,LAA,00c058,False,False,False
256,1408,128,0.99298095703125,6289.820342889891,156.60063500976563,34.18362075960016,7.021369726220313,229.2646136824636,136.50279672997726,64.10590693957833,True,aceptado,00c058_0,recorte_jpg,LAA,00c058,False,False,True
384,1408,128,0.9976806640625,4121.874219324706,156.37950323486325,28.354323018055734,6.738220282404358,235.61164810962927,133.75504710632572,63.293405114401075,True,aceptado,00c058_0,recorte_jpg,LAA,00c058,False,False,False
512,1408,128,0.99871826171875,3404.7058091373283,170.6625402832031,26.92780078216703,6.724863814533714,239.21805292428039,139.37236448084093,151.1519281305384,True,aceptado,00c058_0,recorte_jpg,LAA,00c058,False,False,False
640,1408,128,0.99725341796875,4373.528093601439,163.69504974365236,30.010978997006955,6.8473166687124625,235.04871779178652,144.39494461105332,74.02852071730216,True,aceptado,00c058_0,recorte_jpg,LAA,00c058,False,False,False
768,1408,128,0.99993896484375,2309.6843402237546,167.16310754394533,22.3413023691101,6.402476439628891,239.54709149728376,157.91369102118048,24.89904168955625,True,aceptado,00c058_0,recorte_jpg,LAA,00c058,False,False,False
896,1408,128,0.999755859375,1247.409864242065,171.00247741699218,17.829177775889857,6.0899950789197375,243.58052503052502,161.97191697191698,26.987851037851037,True,aceptado,00c058_0,recorte_jpg,LAA,00c058,False,True,False
1024,1408,128,0.997802734375,3223.6316423535145,169.19632910156247,27.87245276384851,6.703077229955432,236.71042329336922,149.20461218497675,93.60655737704919,True,aceptado,00c058_0,recorte_jpg,LAA,00c058,False,False,False
1152,1408,128,0.99920654296875,3419.744409850341,159.42951098632813,35.1257769967876,7.007096275879187,235.44529961517318,122.24011972390203,150.9554089548592,True,aceptado,00c058_0,recorte_jpg,LAA,00c058,False,False,False
1280,1408,128,0.9991455078125,2981.431145380492,163.97225201416018,28.18582380186314,6.773760207791464,237.44801466096519,131.09163103237628,139.9735491753207,True,aceptado,00c058_0,recorte_jpg,LAA,00c058,False,False,False
1408,1408,128,1.0,2160.7175963852533,153.8353271484375,22.650374026873827,6.406016555935877,238.5467529296875,117.322021484375,119.66510009765625,True,aceptado,00c058_0,recorte_jpg,LAA,00c058,False,False,False
1536,1408,128,0.99908447265625,2427.828166238037,162.2214290161133,23.419297283610895,6.464940089410834,239.207220966461,135.26140876046185,98.50003054554341,True,aceptado,00c058_0,recorte_jpg,LAA,00c058,False,False,False
1664,1408,128,0.99981689453125,2080.1336708022454,161.51926654052733,24.776837581021056,6.529446972143653,238.56992857578902,131.81869238752213,112.23515047921373,True,aceptado,00c058_0,recorte_jpg,LAA,00c058,False,False,False
1792,1408,128,0.99993896484375,1764.5727466910394,167.73358459472655,22.923427760938345,6.455617954950604,241.69218091924557,143.91338582677164,96.36794237929561,True,aceptado,00c058_0,recorte_jpg,LAA,00c058,False,False,False
1920,1408,128,0.99798583984375,4133.43040911328,160.380119140625,26.836067248380203,6.605209146121507,236.19014127576295,140.87107822151552,60.53758179927833,True,aceptado,00c058_0,recorte_jpg,LAA,00c058,False,False,False
0,1536,128,0.99761962890625,9083.441844586303,134.7619771118164,36.14639156954067,7.1461670154662125,222.33129397369225,87.98843683083511,143.6296726827776,True,aceptado,00c058_0,recorte_jpg,LAA,00c058,False,False,False
128,1536,128,0.994384765625,11682.172867278074,141.37900103759765,38.889039533232506,7.23922392223375,219.94776577461332,106.14761846304935,111.63877976921188,True,aceptado,00c058_0,recorte_jpg,LAA,00c058,True,False,True
256,1536,128,0.9989013671875,7707.051574552366,146.3196029663086,33.366605109430964,7.053557406678292,227.65257240620798,107.45906146889894,132.1746303311744,True,aceptado,00c058_0,recorte_jpg,LAA,00c058,False,False,False
384,1536,128,0.9986572265625,6031.0698148620595,152.97605877685547,29.66285263078352,6.874445753864762,232.91938638308275,119.78841217455079,113.13054638797213,True,aceptado,00c058_0,recorte_jpg,LAA,00c058,False,False,False
512,1536,128,0.998046875,5154.42296340454,154.64401287841798,28.509045101059346,6.7609728625633565,233.7156922700587,127.7211350293542,84.38337818003914,True,aceptado,00c058_0,recorte_jpg,LAA,00c058,False,False,False
640,1536,128,0.99688720703125,3691.8982428337395,164.83951312255857,26.08914266120258,6.556977274340755,237.61550235719096,151.80573072919856,38.94189677340354,True,aceptado,00c058_0,recorte_jpg,LAA,00c058,False,False,False
768,1536,128,0.99951171875,1770.6274465594477,168.79572973632813,19.524648590755348,6.240168389733211,242.2013922813874,156.61284807034684,38.6757449926722,True,aceptado,00c058_0,recorte_jpg,LAA,00c058,False,False,False
896,1536,128,0.9990234375,4666.530891538816,176.50063848876954,25.993421834438642,6.686365193525632,237.41996578690126,149.786045943304,153.70533968719454,True,aceptado,00c058_0,recorte_jpg,LAA,00c058,False,False,False
1024,1536,128,0.9996337890625,4422.878172210449,168.3526770019531,26.51457417561662,6.712457872846315,236.3739162290878,134.01904994504824,166.49957259738673,True,aceptado,00c058_0,recorte_jpg,LAA,00c058,False,False,False
1152,1536,128,0.99908447265625,5902.251490806761,176.09542443847656,31.16068338366929,6.90415940931229,234.775062618364,139.859490500336,208.2370945079113,True,aceptado,00c058_0,recorte_jpg,LAA,00c058,False,False,False
1280,1536,128,0.999755859375,4336.993758979369,168.35264288330077,29.427290278412908,6.868718734176449,236.71788766788768,128.10567765567765,196.12399267399266,True,aceptado,00c058_0,recorte_jpg,LAA,00c058,False,False,False
1408,1536,128,0.99908447265625,2514.739741913695,157.61904119873049,25.408692461646787,6.599772648374355,238.1646404789541,128.84702791862668,93.83731443582381,True,aceptado,00c058_0,recorte_jpg,LAA,00c058,False,False,False
1536,1536,128,0.9989013671875,2978.447320628051,176.3067677001953,26.65819010367642,6.731383574514513,239.5697788097275,139.31217157521692,200.2411096174997,True,aceptado,00c058_0,recorte_jpg,LAA,00c058,False,False,False
1664,1536,128,0.999755859375,2672.1212845777577,176.81521112060545,25.030474852304177,6.640024846440493,239.18321123321124,140.79407814407816,198.57344322344323,True,aceptado,00c058_0,recorte_jpg,LAA,00c058,False,False,False
1792,1536,128,0.99920654296875,3419.283225538573,165.81046618652343,27.33623882521976,6.722840180624594,236.61932685846924,126.5560442245434,181.67766171889318,True,aceptado,00c058_0,recorte_jpg,LAA,00c058,False,False,False
1920,1536,128,0.99945068359375,4647.690431592771,178.62213201904297,27.041815362344895,6.719628180534773,238.58729770992366,142.3537709923664,207.78296183206106,True,aceptado,00c058_0,recorte_jpg,LAA,00c058,False,False,False
0,1664,128,0.99859619140625,6698.368106537352,131.88375396728514,31.73169467396003,6.928039992629007,229.42564635413484,76.93894016258174,157.60393618971946,True,aceptado,00c058_0,recorte_jpg,LAA,00c058,False,False,False
128,1664,128,0.99871826171875,8689.340762262083,134.70828741455077,33.32500818077914,6.996310420085471,228.63386909490924,84.2993949764713,146.69400476685203,True,aceptado,00c058_0,recorte_jpg,LAA,00c058,False,False,False
256,1664,128,0.9964599609375,9565.59235534155,150.2200908203125,38.49320760579096,7.2665412895896715,224.99607987259586,111.65723386010045,149.77551145412227,True,aceptado,00c058_0,recorte_jpg,LAA,00c058,False,False,False
384,1664,128,0.99407958984375,8318.669330353636,163.35188031005856,33.23494221576109,7.059666945673824,232.41063424817338,126.36575182661018,168.52201142015105,True,aceptado,00c058_0,recorte_jpg,LAA,00c058,False,False,True
512,1664,128,0.99920654296875,4548.683683757323,156.04252520751953,27.3576411640092,6.751141241709884,235.65671003603933,131.92834890965733,70.80239447804044,True,aceptado,00c058_0,recorte_jpg,LAA,00c058,False,False,False
640,1664,128,0.9991455078125,3781.3049931700434,161.12818420410156,27.220098967368564,6.714864736121448,236.81276725717777,141.45601710445936,63.320219914477704,True,aceptado,00c058_0,recorte_jpg,LAA,00c058,False,False,False
768,1664,128,0.99517822265625,5847.304535843748,176.3813168334961,30.830224640292013,6.930347413678786,234.3579270162527,145.34927936215885,181.30597976080958,True,aceptado,00c058_0,recorte_jpg,LAA,00c058,False,False,True
896,1664,128,0.9989013671875,5578.221302563475,163.3106148071289,30.26257547355488,6.8767210342041025,231.43700354393255,136.24190394720762,123.2475864597336,True,aceptado,00c058_0,recorte_jpg,LAA,00c058,False,False,False
1024,1664,128,0.99945068359375,2821.925586901977,164.74902575683592,22.18423793683438,6.389700053554349,239.13990839694657,149.90174045801527,45.706564885496185,True,aceptado,00c058_0,recorte_jpg,LAA,00c058,False,False,False
1152,1664,128,0.99951171875,3799.4671333167717,160.5056449584961,24.757935814845204,6.515184443209859,236.40681485100146,142.4591475329751,54.007144601856375,True,aceptado,00c058_0,recorte_jpg,LAA,00c058,False,False,False
1280,1664,128,1.0,3951.1890593792714,153.0982899780273,24.43752463991239,6.533157738301726,235.2325439453125,121.47552490234375,100.5054931640625,True,aceptado,00c058_0,recorte_jpg,LAA,00c058,False,False,False
1408,1664,128,0.99993896484375,2262.6546590550533,155.88514495849608,19.467180540952338,6.265389112476173,241.3602514801929,126.62552646035525,82.31618140755661,True,aceptado,00c058_0,recorte_jpg,LAA,00c058,False,False,False
1536,1664,128,0.9959716796875,3044.355168273803,158.7513737182617,26.36308622973958,6.700397027277166,237.47285206520408,122.83956367201863,134.2057237406545,True,aceptado,00c058_0,recorte_jpg,LAA,00c058,False,False,False
1664,1664,128,0.99835205078125,2793.5695080919177,179.4618858642578,26.13044001633302,6.6775869043196545,239.11628049153268,145.11242892951032,198.9705936296387,True,aceptado,00c058_0,recorte_jpg,LAA,00c058,False,False,False
1792,1664,128,0.99951171875,3794.35394959973,174.28614935302733,29.625804028472672,6.843531202825931,237.5983756717147,137.74297752808988,196.09984123106986,True,aceptado,00c058_0,recorte_jpg,LAA,00c058,False,False,False
1920,1664,128,0.99658203125,5919.145538983885,176.39129077148436,27.94757239964888,6.809322659989303,234.4300587947085,151.29091131798137,151.44977951984322,True,aceptado,00c058_0,recorte_jpg,LAA,00c058,False,False,False
0,1792,128,0.98931884765625,9254.51418814465,144.00341033935547,39.84779527726265,7.262546288565959,226.7916589549016,93.48787710531187,177.62804614720218,True,aceptado,00c058_0,recorte_jpg,LAA,00c058,False,False,True
128,1792,128,0.99432373046875,7897.977750854856,134.83542596435547,36.51807436138119,7.122884419786208,226.91719354244674,82.86507887790805,155.50395924129887,True,aceptado,00c058_0,recorte_jpg,LAA,00c058,False,False,True
256,1792,128,0.99542236328125,8707.318896834837,140.1431159057617,35.21497942000773,7.117689075766872,226.81053406094793,94.81231222024648,142.0632779446931,True,aceptado,00c058_0,recorte_jpg,LAA,00c058,False,False,True
384,1792,128,0.99505615234375,8559.579365081296,153.3151428222656,37.103165941148916,7.173929837050954,223.6720848923511,132.62019260258847,71.41182604428633,True,aceptado,00c058_0,recorte_jpg,LAA,00c058,False,False,True
512,1792,128,0.9998779296875,4436.854150332762,157.6540744628906,25.81572521137373,6.672584995095535,236.20607984373092,133.14833353680868,77.72091319741179,True,aceptado,00c058_0,recorte_jpg,LAA,00c058,False,False,False
640,1792,128,0.99871826171875,3238.94707852246,167.90154583740232,24.33380938254206,6.584780286673787,239.4056713316629,146.86903379575872,87.82649880828698,True,aceptado,00c058_0,recorte_jpg,LAA,00c058,False,False,False
768,1792,128,0.99957275390625,6004.433313086913,161.00285534667967,30.531928523531526,6.91056441322721,231.49313061000183,126.90584356109177,151.38511326860842,True,aceptado,00c058_0,recorte_jpg,LAA,00c058,False,False,False
896,1792,128,0.998046875,6281.582577135375,157.7002293701172,29.47172821432996,6.839074799416517,230.05473336594912,126.97926859099805,124.64615949119374,True,aceptado,00c058_0,recorte_jpg,LAA,00c058,False,False,False
1024,1792,128,0.99981689453125,4277.8174994639885,163.04959210205078,25.876064567971284,6.644094560803509,235.05573530309505,141.93559611745314,82.78639887674746,True,aceptado,00c058_0,recorte_jpg,LAA,00c058,False,False,False
1152,1792,128,0.99951171875,6999.368811874144,151.18753741455077,30.790229533359827,6.921453898711897,226.77155593551538,117.30758426966293,127.00409135319981,True,aceptado,00c058_0,recorte_jpg,LAA,00c058,False,False,False
1280,1792,128,0.99517822265625,5126.660487639281,156.9004512939453,28.325811180272574,6.776226749761165,234.19374425023,128.74382091383012,95.53547991413677,True,aceptado,00c058_0,recorte_jpg,LAA,00c058,False,False,True
1408,1792,128,1.0,2641.310203797485,152.41728790283202,20.668315424169407,6.366274013663308,240.2557373046875,121.01336669921875,83.73663330078125,True,aceptado,00c058_0,recorte_jpg,LAA,00c058,False,False,False
1536,1792,128,0.99853515625,2352.7338552651363,153.52604565429687,22.617304894853806,6.441656555149283,239.9397921760391,125.18037897310514,71.69138141809292,True,aceptado,00c058_0,recorte_jpg,LAA,00c058,False,False,False
1664,1792,128,0.99981689453125,2318.067921570312,155.61705334472654,22.325906394290513,6.404455626288449,240.47463524815336,125.13283682314876,89.8805933703681,True,aceptado,00c058_0,recorte_jpg,LAA,00c058,False,False,False
1792,1792,128,0.99993896484375,2531.5121926481925,160.88164367675782,24.431540646971698,6.616122746330413,240.41115790758712,121.7259354208631,153.86583653787463,True,aceptado,00c058_0,recorte_jpg,LAA,00c058,False,False,False
1920,1792,128,0.9979248046875,5616.836549629394,167.73963842773438,30.643424609398224,6.929170673580365,233.1319877675841,137.61963302752292,149.93816513761467,True,aceptado,00c058_0,recorte_jpg,LAA,00c058,False,False,False
0,1920,128,0.69482421875,6640.7971792938215,180.0361304321289,55.17181782919405,6.581256273317242,229.33274771609277,104.13835207308503,187.7043218552354,True,aceptado,00c058_0,recorte_jpg,LAA,00c058,False,False,True
128,1920,128,0.996337890625,9701.739970486691,137.9496137084961,37.15188114848759,7.171239564405939,224.34556481254594,90.91570693457486,150.1331781426121,True,aceptado,00c058_0,recorte_jpg,LAA,00c058,True,False,False
256,1920,128,0.98992919921875,10072.192924904173,149.8640806274414,37.924037534100286,7.204650210113012,224.258523953388,113.93976200752205,131.39484555151367,True,aceptado,00c058_0,recorte_jpg,LAA,00c058,True,False,True
384,1920,128,0.99884033203125,6111.867349698485,151.9344967651367,28.66580997503632,6.8164103776517635,231.9774518790101,122.38496791934006,93.23837457989612,True,aceptado,00c058_0,recorte_jpg,LAA,00c058,False,False,False
512,1920,128,0.99786376953125,4965.981122131225,156.35262408447267,28.643120599228904,6.807306799960954,235.08979142455195,131.88818888005383,74.18722857667136,True,aceptado,00c058_0,recorte_jpg,LAA,00c058,False,False,False
640,1920,128,0.9976806640625,4941.495350387693,173.01643811035154,28.84258152548334,6.8496552656209895,237.51082833720787,142.58485256331824,159.1309188792365,True,aceptado,00c058_0,recorte_jpg,LAA,00c058,False,False,False
768,1920,128,0.99981689453125,7140.376739697142,152.3012833251953,30.252053008356075,6.909628481544224,228.6874427690617,110.31872291068922,167.98479946279227,True,aceptado,00c058_0,recorte_jpg,LAA,00c058,False,False,False
896,1920,128,0.99932861328125,6884.1355604963355,155.98438464355468,27.695997307495716,6.7753513928931435,232.54449398399805,109.20240640078177,195.5558541501252,True,aceptado,00c058_0,recorte_jpg,LAA,00c058,False,False,False
1024,1920,128,0.99853515625,6863.699362337156,156.3204067993164,27.54424535985824,6.780916356705689,232.8132640586797,118.11882640586796,151.26344743276283,True,aceptado,00c058_0,recorte_jpg,LAA,00c058,False,False,False
1152,1920,128,0.99969482421875,6407.7462672095935,154.89099676513672,29.741785112986776,6.854832455500391,230.1192991025093,122.0780877953477,126.30239941388363,True,aceptado,00c058_0,recorte_jpg,LAA,00c058,False,False,False
1280,1920,128,0.99627685546875,3901.943403506835,161.9423825073242,24.306015130938256,6.5834123938466425,237.73356613367642,143.17533541628376,57.134166513508546,True,aceptado,00c058_0,recorte_jpg,LAA,00c058,False,False,False
1408,1920,128,0.99981689453125,1965.0792031463616,168.1937693481445,21.396487537116613,6.32478198347153,241.29338868200963,158.99926744399,23.69073927110677,True,aceptado,00c058_0,recorte_jpg,LAA,00c058,False,False,False
1536,1920,128,0.99932861328125,1948.5659370297844,154.21839819335935,20.844499586708118,6.342906851832807,241.19892505954925,128.28626397117205,59.10065351493312,True,aceptado,00c058_0,recorte_jpg,LAA,00c058,False,False,False
1664,1920,128,0.99993896484375,2281.757497944579,149.19161309814453,21.514169307189615,6.370725212947377,239.4556552523958,111.2268815235305,107.88146249160715,True,aceptado,00c058_0,recorte_jpg,LAA,00c058,False,False,False
1792,1920,128,0.99676513671875,2909.3552832176506,160.350555480957,28.238925692831373,6.802711843354224,239.824811707795,137.3160859714653,68.13385585695916,True,aceptado,00c058_0,recorte_jpg,LAA,00c058,False,False,False
1920,1920,128,0.99853515625,5458.414615838866,162.0732947387695,29.85348898005405,6.881730649490694,233.6208435207824,137.2963936430318,100.97127139364304,True,aceptado,00c058_0,recorte_jpg,LAA,00c058,False,False,False
